{
 "type": "FeatureCollection",
 "name": "store_layer1",
 "provenance": {
  "generator": "scripts/generate_data.py",
  "dataset_version": "1.0-parametric",
  "seed": 20140457,
  "note": "parametric fit-out; 385 entities (spec target 436 refers to the surveyed dataset this model stands in for)"
 },
 "crs_note": "local metres, origin SW corner of leased block, X east Y north Z up; floor at -6.70 m relative to complex datum",
 "features": [
  {
   "type": "Feature",
   "id": "envelope",
   "properties": {
    "kind": "envelope",
    "material": "concrete",
    "z0_m": 0.0,
    "z1_m": 6.4,
    "zone": "all",
    "provenance": "verified: permit 20140457"
   },
   "geometry": {
    "type": "Polygon",
    "coordinates": [
     [
      [
       0.0,
       0.0
      ],
      [
       60.0,
       0.0
      ],
      [
       100.0,
       25.0
      ],
      [
       100.0,
       55.0
      ],
      [
       0.0,
       55.0
      ],
      [
       0.0,
       0.0
      ]
     ]
    ]
   }
  },
  {
   "type": "Feature",
   "id": "wall_split_0",
   "properties": {
    "kind": "wall",
    "material": "wall",
    "z0_m": 0.0,
    "z1_m": 6.4,
    "zone": "boundary",
    "provenance": "derived: x_split solves sales area"
   },
   "geometry": {
    "type": "Polygon",
    "coordinates": [
     [
      [
       50.48,
       0.0
      ],
      [
       50.68,
       0.0
      ],
      [
       50.68,
       18.0
      ],
      [
       50.48,
       18.0
      ],
      [
       50.48,
       0.0
      ]
     ]
    ]
   }
  },
  {
   "type": "Feature",
   "id": "wall_split_1",
   "properties": {
    "kind": "wall",
    "material": "wall",
    "z0_m": 0.0,
    "z1_m": 6.4,
    "zone": "boundary",
    "provenance": "derived: x_split solves sales area"
   },
   "geometry": {
    "type": "Polygon",
    "coordinates": [
     [
      [
       50.48,
       20.0
      ],
      [
       50.68,
       20.0
      ],
      [
       50.68,
       36.0
      ],
      [
       50.48,
       36.0
      ],
      [
       50.48,
       20.0
      ]
     ]
    ]
   }
  },
  {
   "type": "Feature",
   "id": "wall_split_2",
   "properties": {
    "kind": "wall",
    "material": "wall",
    "z0_m": 0.0,
    "z1_m": 6.4,
    "zone": "boundary",
    "provenance": "derived: x_split solves sales area"
   },
   "geometry": {
    "type": "Polygon",
    "coordinates": [
     [
      [
       50.48,
       38.0
      ],
      [
       50.68,
       38.0
      ],
      [
       50.68,
       55.0
      ],
      [
       50.48,
       55.0
      ],
      [
       50.48,
       38.0
      ]
     ]
    ]
   }
  },
  {
   "type": "Feature",
   "id": "gondola_r00_b00",
   "properties": {
    "kind": "gondola",
    "material": "gondola",
    "z0_m": 0.0,
    "z1_m": 2.0,
    "zone": "sales_floor",
    "provenance": "assumed: parametric fit-out"
   },
   "geometry": {
    "type": "Polygon",
    "coordinates": [
     [
      [
       8.0,
       7.200000000000001
      ],
      [
       9.8,
       7.200000000000001
      ],
      [
       9.8,
       8.4
      ],
      [
       8.0,
       8.4
      ],
      [
       8.0,
       7.200000000000001
      ]
     ]
    ]
   }
  },
  {
   "type": "Feature",
   "id": "gondola_r00_b01",
   "properties": {
    "kind": "gondola",
    "material": "gondola",
    "z0_m": 0.0,
    "z1_m": 2.0,
    "zone": "sales_floor",
    "provenance": "assumed: parametric fit-out"
   },
   "geometry": {
    "type": "Polygon",
    "coordinates": [
     [
      [
       9.8,
       7.200000000000001
      ],
      [
       11.600000000000001,
       7.200000000000001
      ],
      [
       11.600000000000001,
       8.4
      ],
      [
       9.8,
       8.4
      ],
      [
       9.8,
       7.200000000000001
      ]
     ]
    ]
   }
  },
  {
   "type": "Feature",
   "id": "gondola_r00_b02",
   "properties": {
    "kind": "gondola",
    "material": "gondola",
    "z0_m": 0.0,
    "z1_m": 2.0,
    "zone": "sales_floor",
    "provenance": "assumed: parametric fit-out"
   },
   "geometry": {
    "type": "Polygon",
    "coordinates": [
     [
      [
       11.6,
       7.200000000000001
      ],
      [
       13.4,
       7.200000000000001
      ],
      [
       13.4,
       8.4
      ],
      [
       11.6,
       8.4
      ],
      [
       11.6,
       7.200000000000001
      ]
     ]
    ]
   }
  },
  {
   "type": "Feature",
   "id": "gondola_r00_b03",
   "properties": {
    "kind": "gondola",
    "material": "gondola",
    "z0_m": 0.0,
    "z1_m": 2.0,
    "zone": "sales_floor",
    "provenance": "assumed: parametric fit-out"
   },
   "geometry": {
    "type": "Polygon",
    "coordinates": [
     [
      [
       13.4,
       7.200000000000001
      ],
      [
       15.200000000000001,
       7.200000000000001
      ],
      [
       15.200000000000001,
       8.4
      ],
      [
       13.4,
       8.4
      ],
      [
       13.4,
       7.200000000000001
      ]
     ]
    ]
   }
  },
  {
   "type": "Feature",
   "id": "gondola_r00_b04",
   "properties": {
    "kind": "gondola",
    "material": "gondola",
    "z0_m": 0.0,
    "z1_m": 2.0,
    "zone": "sales_floor",
    "provenance": "assumed: parametric fit-out"
   },
   "geometry": {
    "type": "Polygon",
    "coordinates": [
     [
      [
       15.200000000000001,
       7.200000000000001
      ],
      [
       17.0,
       7.200000000000001
      ],
      [
       17.0,
       8.4
      ],
      [
       15.200000000000001,
       8.4
      ],
      [
       15.200000000000001,
       7.200000000000001
      ]
     ]
    ]
   }
  },
  {
   "type": "Feature",
   "id": "gondola_r00_b05",
   "properties": {
    "kind": "gondola",
    "material": "gondola",
    "z0_m": 0.0,
    "z1_m": 2.0,
    "zone": "sales_floor",
    "provenance": "assumed: parametric fit-out"
   },
   "geometry": {
    "type": "Polygon",
    "coordinates": [
     [
      [
       17.0,
       7.200000000000001
      ],
      [
       18.799999999999997,
       7.200000000000001
      ],
      [
       18.799999999999997,
       8.4
      ],
      [
       17.0,
       8.4
      ],
      [
       17.0,
       7.200000000000001
      ]
     ]
    ]
   }
  },
  {
   "type": "Feature",
   "id": "gondola_r00_b06",
   "properties": {
    "kind": "gondola",
    "material": "gondola",
    "z0_m": 0.0,
    "z1_m": 2.0,
    "zone": "sales_floor",
    "provenance": "assumed: parametric fit-out"
   },
   "geometry": {
    "type": "Polygon",
    "coordinates": [
     [
      [
       18.800000000000004,
       7.200000000000001
      ],
      [
       20.6,
       7.200000000000001
      ],
      [
       20.6,
       8.4
      ],
      [
       18.800000000000004,
       8.4
      ],
      [
       18.800000000000004,
       7.200000000000001
      ]
     ]
    ]
   }
  },
  {
   "type": "Feature",
   "id": "gondola_r00_b07",
   "properties": {
    "kind": "gondola",
    "material": "gondola",
    "z0_m": 0.0,
    "z1_m": 2.0,
    "zone": "sales_floor",
    "provenance": "assumed: parametric fit-out"
   },
   "geometry": {
    "type": "Polygon",
    "coordinates": [
     [
      [
       20.6,
       7.200000000000001
      ],
      [
       22.4,
       7.200000000000001
      ],
      [
       22.4,
       8.4
      ],
      [
       20.6,
       8.4
      ],
      [
       20.6,
       7.200000000000001
      ]
     ]
    ]
   }
  },
  {
   "type": "Feature",
   "id": "gondola_r00_b08",
   "properties": {
    "kind": "gondola",
    "material": "gondola",
    "z0_m": 0.0,
    "z1_m": 2.0,
    "zone": "sales_floor",
    "provenance": "assumed: parametric fit-out"
   },
   "geometry": {
    "type": "Polygon",
    "coordinates": [
     [
      [
       22.400000000000002,
       7.200000000000001
      ],
      [
       24.2,
       7.200000000000001
      ],
      [
       24.2,
       8.4
      ],
      [
       22.400000000000002,
       8.4
      ],
      [
       22.400000000000002,
       7.200000000000001
      ]
     ]
    ]
   }
  },
  {
   "type": "Feature",
   "id": "gondola_r00_b09",
   "properties": {
    "kind": "gondola",
    "material": "gondola",
    "z0_m": 0.0,
    "z1_m": 2.0,
    "zone": "sales_floor",
    "provenance": "assumed: parametric fit-out"
   },
   "geometry": {
    "type": "Polygon",
    "coordinates": [
     [
      [
       24.200000000000003,
       7.200000000000001
      ],
      [
       26.0,
       7.200000000000001
      ],
      [
       26.0,
       8.4
      ],
      [
       24.200000000000003,
       8.4
      ],
      [
       24.200000000000003,
       7.200000000000001
      ]
     ]
    ]
   }
  },
  {
   "type": "Feature",
   "id": "gondola_r00_b10",
   "properties": {
    "kind": "gondola",
    "material": "gondola",
    "z0_m": 0.0,
    "z1_m": 2.0,
    "zone": "sales_floor",
    "provenance": "assumed: parametric fit-out"
   },
   "geometry": {
    "type": "Polygon",
    "coordinates": [
     [
      [
       26.0,
       7.200000000000001
      ],
      [
       27.799999999999997,
       7.200000000000001
      ],
      [
       27.799999999999997,
       8.4
      ],
      [
       26.0,
       8.4
      ],
      [
       26.0,
       7.200000000000001
      ]
     ]
    ]
   }
  },
  {
   "type": "Feature",
   "id": "gondola_r00_b11",
   "properties": {
    "kind": "gondola",
    "material": "gondola",
    "z0_m": 0.0,
    "z1_m": 2.0,
    "zone": "sales_floor",
    "provenance": "assumed: parametric fit-out"
   },
   "geometry": {
    "type": "Polygon",
    "coordinates": [
     [
      [
       27.800000000000004,
       7.200000000000001
      ],
      [
       29.6,
       7.200000000000001
      ],
      [
       29.6,
       8.4
      ],
      [
       27.800000000000004,
       8.4
      ],
      [
       27.800000000000004,
       7.200000000000001
      ]
     ]
    ]
   }
  },
  {
   "type": "Feature",
   "id": "gondola_r00_b12",
   "properties": {
    "kind": "gondola",
    "material": "gondola",
    "z0_m": 0.0,
    "z1_m": 2.0,
    "zone": "sales_floor",
    "provenance": "assumed: parametric fit-out"
   },
   "geometry": {
    "type": "Polygon",
    "coordinates": [
     [
      [
       29.6,
       7.200000000000001
      ],
      [
       31.4,
       7.200000000000001
      ],
      [
       31.4,
       8.4
      ],
      [
       29.6,
       8.4
      ],
      [
       29.6,
       7.200000000000001
      ]
     ]
    ]
   }
  },
  {
   "type": "Feature",
   "id": "gondola_r00_b13",
   "properties": {
    "kind": "gondola",
    "material": "gondola",
    "z0_m": 0.0,
    "z1_m": 2.0,
    "zone": "sales_floor",
    "provenance": "assumed: parametric fit-out"
   },
   "geometry": {
    "type": "Polygon",
    "coordinates": [
     [
      [
       31.400000000000006,
       7.200000000000001
      ],
      [
       33.2,
       7.200000000000001
      ],
      [
       33.2,
       8.4
      ],
      [
       31.400000000000006,
       8.4
      ],
      [
       31.400000000000006,
       7.200000000000001
      ]
     ]
    ]
   }
  },
  {
   "type": "Feature",
   "id": "gondola_r00_b14",
   "properties": {
    "kind": "gondola",
    "material": "gondola",
    "z0_m": 0.0,
    "z1_m": 2.0,
    "zone": "sales_floor",
    "provenance": "assumed: parametric fit-out"
   },
   "geometry": {
    "type": "Polygon",
    "coordinates": [
     [
      [
       33.2,
       7.200000000000001
      ],
      [
       35.0,
       7.200000000000001
      ],
      [
       35.0,
       8.4
      ],
      [
       33.2,
       8.4
      ],
      [
       33.2,
       7.200000000000001
      ]
     ]
    ]
   }
  },
  {
   "type": "Feature",
   "id": "gondola_r00_b15",
   "properties": {
    "kind": "gondola",
    "material": "gondola",
    "z0_m": 0.0,
    "z1_m": 2.0,
    "zone": "sales_floor",
    "provenance": "assumed: parametric fit-out"
   },
   "geometry": {
    "type": "Polygon",
    "coordinates": [
     [
      [
       35.0,
       7.200000000000001
      ],
      [
       36.8,
       7.200000000000001
      ],
      [
       36.8,
       8.4
      ],
      [
       35.0,
       8.4
      ],
      [
       35.0,
       7.200000000000001
      ]
     ]
    ]
   }
  },
  {
   "type": "Feature",
   "id": "gondola_r00_b16",
   "properties": {
    "kind": "gondola",
    "material": "gondola",
    "z0_m": 0.0,
    "z1_m": 2.0,
    "zone": "sales_floor",
    "provenance": "assumed: parametric fit-out"
   },
   "geometry": {
    "type": "Polygon",
    "coordinates": [
     [
      [
       36.800000000000004,
       7.200000000000001
      ],
      [
       38.6,
       7.200000000000001
      ],
      [
       38.6,
       8.4
      ],
      [
       36.800000000000004,
       8.4
      ],
      [
       36.800000000000004,
       7.200000000000001
      ]
     ]
    ]
   }
  },
  {
   "type": "Feature",
   "id": "gondola_r00_b17",
   "properties": {
    "kind": "gondola",
    "material": "gondola",
    "z0_m": 0.0,
    "z1_m": 2.0,
    "zone": "sales_floor",
    "provenance": "assumed: parametric fit-out"
   },
   "geometry": {
    "type": "Polygon",
    "coordinates": [
     [
      [
       38.6,
       7.200000000000001
      ],
      [
       40.4,
       7.200000000000001
      ],
      [
       40.4,
       8.4
      ],
      [
       38.6,
       8.4
      ],
      [
       38.6,
       7.200000000000001
      ]
     ]
    ]
   }
  },
  {
   "type": "Feature",
   "id": "gondola_r00_b18",
   "properties": {
    "kind": "gondola",
    "material": "gondola",
    "z0_m": 0.0,
    "z1_m": 2.0,
    "zone": "sales_floor",
    "provenance": "assumed: parametric fit-out"
   },
   "geometry": {
    "type": "Polygon",
    "coordinates": [
     [
      [
       40.4,
       7.200000000000001
      ],
      [
       42.199999999999996,
       7.200000000000001
      ],
      [
       42.199999999999996,
       8.4
      ],
      [
       40.4,
       8.4
      ],
      [
       40.4,
       7.200000000000001
      ]
     ]
    ]
   }
  },
  {
   "type": "Feature",
   "id": "gondola_r01_b00",
   "properties": {
    "kind": "gondola",
    "material": "gondola",
    "z0_m": 0.0,
    "z1_m": 2.0,
    "zone": "sales_floor",
    "provenance": "assumed: parametric fit-out"
   },
   "geometry": {
    "type": "Polygon",
    "coordinates": [
     [
      [
       8.0,
       12.000000000000002
      ],
      [
       9.8,
       12.000000000000002
      ],
      [
       9.8,
       13.200000000000001
      ],
      [
       8.0,
       13.200000000000001
      ],
      [
       8.0,
       12.000000000000002
      ]
     ]
    ]
   }
  },
  {
   "type": "Feature",
   "id": "gondola_r01_b01",
   "properties": {
    "kind": "gondola",
    "material": "gondola",
    "z0_m": 0.0,
    "z1_m": 2.0,
    "zone": "sales_floor",
    "provenance": "assumed: parametric fit-out"
   },
   "geometry": {
    "type": "Polygon",
    "coordinates": [
     [
      [
       9.8,
       12.000000000000002
      ],
      [
       11.600000000000001,
       12.000000000000002
      ],
      [
       11.600000000000001,
       13.200000000000001
      ],
      [
       9.8,
       13.200000000000001
      ],
      [
       9.8,
       12.000000000000002
      ]
     ]
    ]
   }
  },
  {
   "type": "Feature",
   "id": "gondola_r01_b02",
   "properties": {
    "kind": "gondola",
    "material": "gondola",
    "z0_m": 0.0,
    "z1_m": 2.0,
    "zone": "sales_floor",
    "provenance": "assumed: parametric fit-out"
   },
   "geometry": {
    "type": "Polygon",
    "coordinates": [
     [
      [
       11.6,
       12.000000000000002
      ],
      [
       13.4,
       12.000000000000002
      ],
      [
       13.4,
       13.200000000000001
      ],
      [
       11.6,
       13.200000000000001
      ],
      [
       11.6,
       12.000000000000002
      ]
     ]
    ]
   }
  },
  {
   "type": "Feature",
   "id": "gondola_r01_b03",
   "properties": {
    "kind": "gondola",
    "material": "gondola",
    "z0_m": 0.0,
    "z1_m": 2.0,
    "zone": "sales_floor",
    "provenance": "assumed: parametric fit-out"
   },
   "geometry": {
    "type": "Polygon",
    "coordinates": [
     [
      [
       13.4,
       12.000000000000002
      ],
      [
       15.200000000000001,
       12.000000000000002
      ],
      [
       15.200000000000001,
       13.200000000000001
      ],
      [
       13.4,
       13.200000000000001
      ],
      [
       13.4,
       12.000000000000002
      ]
     ]
    ]
   }
  },
  {
   "type": "Feature",
   "id": "gondola_r01_b04",
   "properties": {
    "kind": "gondola",
    "material": "gondola",
    "z0_m": 0.0,
    "z1_m": 2.0,
    "zone": "sales_floor",
    "provenance": "assumed: parametric fit-out"
   },
   "geometry": {
    "type": "Polygon",
    "coordinates": [
     [
      [
       15.200000000000001,
       12.000000000000002
      ],
      [
       17.0,
       12.000000000000002
      ],
      [
       17.0,
       13.200000000000001
      ],
      [
       15.200000000000001,
       13.200000000000001
      ],
      [
       15.200000000000001,
       12.000000000000002
      ]
     ]
    ]
   }
  },
  {
   "type": "Feature",
   "id": "gondola_r01_b05",
   "properties": {
    "kind": "gondola",
    "material": "gondola",
    "z0_m": 0.0,
    "z1_m": 2.0,
    "zone": "sales_floor",
    "provenance": "assumed: parametric fit-out"
   },
   "geometry": {
    "type": "Polygon",
    "coordinates": [
     [
      [
       17.0,
       12.000000000000002
      ],
      [
       18.799999999999997,
       12.000000000000002
      ],
      [
       18.799999999999997,
       13.200000000000001
      ],
      [
       17.0,
       13.200000000000001
      ],
      [
       17.0,
       12.000000000000002
      ]
     ]
    ]
   }
  },
  {
   "type": "Feature",
   "id": "gondola_r01_b06",
   "properties": {
    "kind": "gondola",
    "material": "gondola",
    "z0_m": 0.0,
    "z1_m": 2.0,
    "zone": "sales_floor",
    "provenance": "assumed: parametric fit-out"
   },
   "geometry": {
    "type": "Polygon",
    "coordinates": [
     [
      [
       18.800000000000004,
       12.000000000000002
      ],
      [
       20.6,
       12.000000000000002
      ],
      [
       20.6,
       13.200000000000001
      ],
      [
       18.800000000000004,
       13.200000000000001
      ],
      [
       18.800000000000004,
       12.000000000000002
      ]
     ]
    ]
   }
  },
  {
   "type": "Feature",
   "id": "gondola_r01_b07",
   "properties": {
    "kind": "gondola",
    "material": "gondola",
    "z0_m": 0.0,
    "z1_m": 2.0,
    "zone": "sales_floor",
    "provenance": "assumed: parametric fit-out"
   },
   "geometry": {
    "type": "Polygon",
    "coordinates": [
     [
      [
       20.6,
       12.000000000000002
      ],
      [
       22.4,
       12.000000000000002
      ],
      [
       22.4,
       13.200000000000001
      ],
      [
       20.6,
       13.200000000000001
      ],
      [
       20.6,
       12.000000000000002
      ]
     ]
    ]
   }
  },
  {
   "type": "Feature",
   "id": "gondola_r01_b08",
   "properties": {
    "kind": "gondola",
    "material": "gondola",
    "z0_m": 0.0,
    "z1_m": 2.0,
    "zone": "sales_floor",
    "provenance": "assumed: parametric fit-out"
   },
   "geometry": {
    "type": "Polygon",
    "coordinates": [
     [
      [
       22.400000000000002,
       12.000000000000002
      ],
      [
       24.2,
       12.000000000000002
      ],
      [
       24.2,
       13.200000000000001
      ],
      [
       22.400000000000002,
       13.200000000000001
      ],
      [
       22.400000000000002,
       12.000000000000002
      ]
     ]
    ]
   }
  },
  {
   "type": "Feature",
   "id": "gondola_r01_b09",
   "properties": {
    "kind": "gondola",
    "material": "gondola",
    "z0_m": 0.0,
    "z1_m": 2.0,
    "zone": "sales_floor",
    "provenance": "assumed: parametric fit-out"
   },
   "geometry": {
    "type": "Polygon",
    "coordinates": [
     [
      [
       24.200000000000003,
       12.000000000000002
      ],
      [
       26.0,
       12.000000000000002
      ],
      [
       26.0,
       13.200000000000001
      ],
      [
       24.200000000000003,
       13.200000000000001
      ],
      [
       24.200000000000003,
       12.000000000000002
      ]
     ]
    ]
   }
  },
  {
   "type": "Feature",
   "id": "gondola_r01_b10",
   "properties": {
    "kind": "gondola",
    "material": "gondola",
    "z0_m": 0.0,
    "z1_m": 2.0,
    "zone": "sales_floor",
    "provenance": "assumed: parametric fit-out"
   },
   "geometry": {
    "type": "Polygon",
    "coordinates": [
     [
      [
       26.0,
       12.000000000000002
      ],
      [
       27.799999999999997,
       12.000000000000002
      ],
      [
       27.799999999999997,
       13.200000000000001
      ],
      [
       26.0,
       13.200000000000001
      ],
      [
       26.0,
       12.000000000000002
      ]
     ]
    ]
   }
  },
  {
   "type": "Feature",
   "id": "gondola_r01_b11",
   "properties": {
    "kind": "gondola",
    "material": "gondola",
    "z0_m": 0.0,
    "z1_m": 2.0,
    "zone": "sales_floor",
    "provenance": "assumed: parametric fit-out"
   },
   "geometry": {
    "type": "Polygon",
    "coordinates": [
     [
      [
       27.800000000000004,
       12.000000000000002
      ],
      [
       29.6,
       12.000000000000002
      ],
      [
       29.6,
       13.200000000000001
      ],
      [
       27.800000000000004,
       13.200000000000001
      ],
      [
       27.800000000000004,
       12.000000000000002
      ]
     ]
    ]
   }
  },
  {
   "type": "Feature",
   "id": "gondola_r01_b12",
   "properties": {
    "kind": "gondola",
    "material": "gondola",
    "z0_m": 0.0,
    "z1_m": 2.0,
    "zone": "sales_floor",
    "provenance": "assumed: parametric fit-out"
   },
   "geometry": {
    "type": "Polygon",
    "coordinates": [
     [
      [
       29.6,
       12.000000000000002
      ],
      [
       31.4,
       12.000000000000002
      ],
      [
       31.4,
       13.200000000000001
      ],
      [
       29.6,
       13.200000000000001
      ],
      [
       29.6,
       12.000000000000002
      ]
     ]
    ]
   }
  },
  {
   "type": "Feature",
   "id": "gondola_r01_b13",
   "properties": {
    "kind": "gondola",
    "material": "gondola",
    "z0_m": 0.0,
    "z1_m": 2.0,
    "zone": "sales_floor",
    "provenance": "assumed: parametric fit-out"
   },
   "geometry": {
    "type": "Polygon",
    "coordinates": [
     [
      [
       31.400000000000006,
       12.000000000000002
      ],
      [
       33.2,
       12.000000000000002
      ],
      [
       33.2,
       13.200000000000001
      ],
      [
       31.400000000000006,
       13.200000000000001
      ],
      [
       31.400000000000006,
       12.000000000000002
      ]
     ]
    ]
   }
  },
  {
   "type": "Feature",
   "id": "gondola_r01_b14",
   "properties": {
    "kind": "gondola",
    "material": "gondola",
    "z0_m": 0.0,
    "z1_m": 2.0,
    "zone": "sales_floor",
    "provenance": "assumed: parametric fit-out"
   },
   "geometry": {
    "type": "Polygon",
    "coordinates": [
     [
      [
       33.2,
       12.000000000000002
      ],
      [
       35.0,
       12.000000000000002
      ],
      [
       35.0,
       13.200000000000001
      ],
      [
       33.2,
       13.200000000000001
      ],
      [
       33.2,
       12.000000000000002
      ]
     ]
    ]
   }
  },
  {
   "type": "Feature",
   "id": "gondola_r01_b15",
   "properties": {
    "kind": "gondola",
    "material": "gondola",
    "z0_m": 0.0,
    "z1_m": 2.0,
    "zone": "sales_floor",
    "provenance": "assumed: parametric fit-out"
   },
   "geometry": {
    "type": "Polygon",
    "coordinates": [
     [
      [
       35.0,
       12.000000000000002
      ],
      [
       36.8,
       12.000000000000002
      ],
      [
       36.8,
       13.200000000000001
      ],
      [
       35.0,
       13.200000000000001
      ],
      [
       35.0,
       12.000000000000002
      ]
     ]
    ]
   }
  },
  {
   "type": "Feature",
   "id": "gondola_r01_b16",
   "properties": {
    "kind": "gondola",
    "material": "gondola",
    "z0_m": 0.0,
    "z1_m": 2.0,
    "zone": "sales_floor",
    "provenance": "assumed: parametric fit-out"
   },
   "geometry": {
    "type": "Polygon",
    "coordinates": [
     [
      [
       36.800000000000004,
       12.000000000000002
      ],
      [
       38.6,
       12.000000000000002
      ],
      [
       38.6,
       13.200000000000001
      ],
      [
       36.800000000000004,
       13.200000000000001
      ],
      [
       36.800000000000004,
       12.000000000000002
      ]
     ]
    ]
   }
  },
  {
   "type": "Feature",
   "id": "gondola_r01_b17",
   "properties": {
    "kind": "gondola",
    "material": "gondola",
    "z0_m": 0.0,
    "z1_m": 2.0,
    "zone": "sales_floor",
    "provenance": "assumed: parametric fit-out"
   },
   "geometry": {
    "type": "Polygon",
    "coordinates": [
     [
      [
       38.6,
       12.000000000000002
      ],
      [
       40.4,
       12.000000000000002
      ],
      [
       40.4,
       13.200000000000001
      ],
      [
       38.6,
       13.200000000000001
      ],
      [
       38.6,
       12.000000000000002
      ]
     ]
    ]
   }
  },
  {
   "type": "Feature",
   "id": "gondola_r01_b18",
   "properties": {
    "kind": "gondola",
    "material": "gondola",
    "z0_m": 0.0,
    "z1_m": 2.0,
    "zone": "sales_floor",
    "provenance": "assumed: parametric fit-out"
   },
   "geometry": {
    "type": "Polygon",
    "coordinates": [
     [
      [
       40.4,
       12.000000000000002
      ],
      [
       42.199999999999996,
       12.000000000000002
      ],
      [
       42.199999999999996,
       13.200000000000001
      ],
      [
       40.4,
       13.200000000000001
      ],
      [
       40.4,
       12.000000000000002
      ]
     ]
    ]
   }
  },
  {
   "type": "Feature",
   "id": "gondola_r02_b00",
   "properties": {
    "kind": "gondola",
    "material": "gondola",
    "z0_m": 0.0,
    "z1_m": 2.0,
    "zone": "sales_floor",
    "provenance": "assumed: parametric fit-out"
   },
   "geometry": {
    "type": "Polygon",
    "coordinates": [
     [
      [
       8.0,
       16.799999999999997
      ],
      [
       9.8,
       16.799999999999997
      ],
      [
       9.8,
       18.0
      ],
      [
       8.0,
       18.0
      ],
      [
       8.0,
       16.799999999999997
      ]
     ]
    ]
   }
  },
  {
   "type": "Feature",
   "id": "gondola_r02_b01",
   "properties": {
    "kind": "gondola",
    "material": "gondola",
    "z0_m": 0.0,
    "z1_m": 2.0,
    "zone": "sales_floor",
    "provenance": "assumed: parametric fit-out"
   },
   "geometry": {
    "type": "Polygon",
    "coordinates": [
     [
      [
       9.8,
       16.799999999999997
      ],
      [
       11.600000000000001,
       16.799999999999997
      ],
      [
       11.600000000000001,
       18.0
      ],
      [
       9.8,
       18.0
      ],
      [
       9.8,
       16.799999999999997
      ]
     ]
    ]
   }
  },
  {
   "type": "Feature",
   "id": "gondola_r02_b02",
   "properties": {
    "kind": "gondola",
    "material": "gondola",
    "z0_m": 0.0,
    "z1_m": 2.0,
    "zone": "sales_floor",
    "provenance": "assumed: parametric fit-out"
   },
   "geometry": {
    "type": "Polygon",
    "coordinates": [
     [
      [
       11.6,
       16.799999999999997
      ],
      [
       13.4,
       16.799999999999997
      ],
      [
       13.4,
       18.0
      ],
      [
       11.6,
       18.0
      ],
      [
       11.6,
       16.799999999999997
      ]
     ]
    ]
   }
  },
  {
   "type": "Feature",
   "id": "gondola_r02_b03",
   "properties": {
    "kind": "gondola",
    "material": "gondola",
    "z0_m": 0.0,
    "z1_m": 2.0,
    "zone": "sales_floor",
    "provenance": "assumed: parametric fit-out"
   },
   "geometry": {
    "type": "Polygon",
    "coordinates": [
     [
      [
       13.4,
       16.799999999999997
      ],
      [
       15.200000000000001,
       16.799999999999997
      ],
      [
       15.200000000000001,
       18.0
      ],
      [
       13.4,
       18.0
      ],
      [
       13.4,
       16.799999999999997
      ]
     ]
    ]
   }
  },
  {
   "type": "Feature",
   "id": "gondola_r02_b04",
   "properties": {
    "kind": "gondola",
    "material": "gondola",
    "z0_m": 0.0,
    "z1_m": 2.0,
    "zone": "sales_floor",
    "provenance": "assumed: parametric fit-out"
   },
   "geometry": {
    "type": "Polygon",
    "coordinates": [
     [
      [
       15.200000000000001,
       16.799999999999997
      ],
      [
       17.0,
       16.799999999999997
      ],
      [
       17.0,
       18.0
      ],
      [
       15.200000000000001,
       18.0
      ],
      [
       15.200000000000001,
       16.799999999999997
      ]
     ]
    ]
   }
  },
  {
   "type": "Feature",
   "id": "gondola_r02_b05",
   "properties": {
    "kind": "gondola",
    "material": "gondola",
    "z0_m": 0.0,
    "z1_m": 2.0,
    "zone": "sales_floor",
    "provenance": "assumed: parametric fit-out"
   },
   "geometry": {
    "type": "Polygon",
    "coordinates": [
     [
      [
       17.0,
       16.799999999999997
      ],
      [
       18.799999999999997,
       16.799999999999997
      ],
      [
       18.799999999999997,
       18.0
      ],
      [
       17.0,
       18.0
      ],
      [
       17.0,
       16.799999999999997
      ]
     ]
    ]
   }
  },
  {
   "type": "Feature",
   "id": "gondola_r02_b06",
   "properties": {
    "kind": "gondola",
    "material": "gondola",
    "z0_m": 0.0,
    "z1_m": 2.0,
    "zone": "sales_floor",
    "provenance": "assumed: parametric fit-out"
   },
   "geometry": {
    "type": "Polygon",
    "coordinates": [
     [
      [
       18.800000000000004,
       16.799999999999997
      ],
      [
       20.6,
       16.799999999999997
      ],
      [
       20.6,
       18.0
      ],
      [
       18.800000000000004,
       18.0
      ],
      [
       18.800000000000004,
       16.799999999999997
      ]
     ]
    ]
   }
  },
  {
   "type": "Feature",
   "id": "gondola_r02_b07",
   "properties": {
    "kind": "gondola",
    "material": "gondola",
    "z0_m": 0.0,
    "z1_m": 2.0,
    "zone": "sales_floor",
    "provenance": "assumed: parametric fit-out"
   },
   "geometry": {
    "type": "Polygon",
    "coordinates": [
     [
      [
       20.6,
       16.799999999999997
      ],
      [
       22.4,
       16.799999999999997
      ],
      [
       22.4,
       18.0
      ],
      [
       20.6,
       18.0
      ],
      [
       20.6,
       16.799999999999997
      ]
     ]
    ]
   }
  },
  {
   "type": "Feature",
   "id": "gondola_r02_b08",
   "properties": {
    "kind": "gondola",
    "material": "gondola",
    "z0_m": 0.0,
    "z1_m": 2.0,
    "zone": "sales_floor",
    "provenance": "assumed: parametric fit-out"
   },
   "geometry": {
    "type": "Polygon",
    "coordinates": [
     [
      [
       22.400000000000002,
       16.799999999999997
      ],
      [
       24.2,
       16.799999999999997
      ],
      [
       24.2,
       18.0
      ],
      [
       22.400000000000002,
       18.0
      ],
      [
       22.400000000000002,
       16.799999999999997
      ]
     ]
    ]
   }
  },
  {
   "type": "Feature",
   "id": "gondola_r02_b09",
   "properties": {
    "kind": "gondola",
    "material": "gondola",
    "z0_m": 0.0,
    "z1_m": 2.0,
    "zone": "sales_floor",
    "provenance": "assumed: parametric fit-out"
   },
   "geometry": {
    "type": "Polygon",
    "coordinates": [
     [
      [
       24.200000000000003,
       16.799999999999997
      ],
      [
       26.0,
       16.799999999999997
      ],
      [
       26.0,
       18.0
      ],
      [
       24.200000000000003,
       18.0
      ],
      [
       24.200000000000003,
       16.799999999999997
      ]
     ]
    ]
   }
  },
  {
   "type": "Feature",
   "id": "gondola_r02_b10",
   "properties": {
    "kind": "gondola",
    "material": "gondola",
    "z0_m": 0.0,
    "z1_m": 2.0,
    "zone": "sales_floor",
    "provenance": "assumed: parametric fit-out"
   },
   "geometry": {
    "type": "Polygon",
    "coordinates": [
     [
      [
       26.0,
       16.799999999999997
      ],
      [
       27.799999999999997,
       16.799999999999997
      ],
      [
       27.799999999999997,
       18.0
      ],
      [
       26.0,
       18.0
      ],
      [
       26.0,
       16.799999999999997
      ]
     ]
    ]
   }
  },
  {
   "type": "Feature",
   "id": "gondola_r02_b11",
   "properties": {
    "kind": "gondola",
    "material": "gondola",
    "z0_m": 0.0,
    "z1_m": 2.0,
    "zone": "sales_floor",
    "provenance": "assumed: parametric fit-out"
   },
   "geometry": {
    "type": "Polygon",
    "coordinates": [
     [
      [
       27.800000000000004,
       16.799999999999997
      ],
      [
       29.6,
       16.799999999999997
      ],
      [
       29.6,
       18.0
      ],
      [
       27.800000000000004,
       18.0
      ],
      [
       27.800000000000004,
       16.799999999999997
      ]
     ]
    ]
   }
  },
  {
   "type": "Feature",
   "id": "gondola_r02_b12",
   "properties": {
    "kind": "gondola",
    "material": "gondola",
    "z0_m": 0.0,
    "z1_m": 2.0,
    "zone": "sales_floor",
    "provenance": "assumed: parametric fit-out"
   },
   "geometry": {
    "type": "Polygon",
    "coordinates": [
     [
      [
       29.6,
       16.799999999999997
      ],
      [
       31.4,
       16.799999999999997
      ],
      [
       31.4,
       18.0
      ],
      [
       29.6,
       18.0
      ],
      [
       29.6,
       16.799999999999997
      ]
     ]
    ]
   }
  },
  {
   "type": "Feature",
   "id": "gondola_r02_b13",
   "properties": {
    "kind": "gondola",
    "material": "gondola",
    "z0_m": 0.0,
    "z1_m": 2.0,
    "zone": "sales_floor",
    "provenance": "assumed: parametric fit-out"
   },
   "geometry": {
    "type": "Polygon",
    "coordinates": [
     [
      [
       31.400000000000006,
       16.799999999999997
      ],
      [
       33.2,
       16.799999999999997
      ],
      [
       33.2,
       18.0
      ],
      [
       31.400000000000006,
       18.0
      ],
      [
       31.400000000000006,
       16.799999999999997
      ]
     ]
    ]
   }
  },
  {
   "type": "Feature",
   "id": "gondola_r02_b14",
   "properties": {
    "kind": "gondola",
    "material": "gondola",
    "z0_m": 0.0,
    "z1_m": 2.0,
    "zone": "sales_floor",
    "provenance": "assumed: parametric fit-out"
   },
   "geometry": {
    "type": "Polygon",
    "coordinates": [
     [
      [
       33.2,
       16.799999999999997
      ],
      [
       35.0,
       16.799999999999997
      ],
      [
       35.0,
       18.0
      ],
      [
       33.2,
       18.0
      ],
      [
       33.2,
       16.799999999999997
      ]
     ]
    ]
   }
  },
  {
   "type": "Feature",
   "id": "gondola_r02_b15",
   "properties": {
    "kind": "gondola",
    "material": "gondola",
    "z0_m": 0.0,
    "z1_m": 2.0,
    "zone": "sales_floor",
    "provenance": "assumed: parametric fit-out"
   },
   "geometry": {
    "type": "Polygon",
    "coordinates": [
     [
      [
       35.0,
       16.799999999999997
      ],
      [
       36.8,
       16.799999999999997
      ],
      [
       36.8,
       18.0
      ],
      [
       35.0,
       18.0
      ],
      [
       35.0,
       16.799999999999997
      ]
     ]
    ]
   }
  },
  {
   "type": "Feature",
   "id": "gondola_r02_b16",
   "properties": {
    "kind": "gondola",
    "material": "gondola",
    "z0_m": 0.0,
    "z1_m": 2.0,
    "zone": "sales_floor",
    "provenance": "assumed: parametric fit-out"
   },
   "geometry": {
    "type": "Polygon",
    "coordinates": [
     [
      [
       36.800000000000004,
       16.799999999999997
      ],
      [
       38.6,
       16.799999999999997
      ],
      [
       38.6,
       18.0
      ],
      [
       36.800000000000004,
       18.0
      ],
      [
       36.800000000000004,
       16.799999999999997
      ]
     ]
    ]
   }
  },
  {
   "type": "Feature",
   "id": "gondola_r02_b17",
   "properties": {
    "kind": "gondola",
    "material": "gondola",
    "z0_m": 0.0,
    "z1_m": 2.0,
    "zone": "sales_floor",
    "provenance": "assumed: parametric fit-out"
   },
   "geometry": {
    "type": "Polygon",
    "coordinates": [
     [
      [
       38.6,
       16.799999999999997
      ],
      [
       40.4,
       16.799999999999997
      ],
      [
       40.4,
       18.0
      ],
      [
       38.6,
       18.0
      ],
      [
       38.6,
       16.799999999999997
      ]
     ]
    ]
   }
  },
  {
   "type": "Feature",
   "id": "gondola_r02_b18",
   "properties": {
    "kind": "gondola",
    "material": "gondola",
    "z0_m": 0.0,
    "z1_m": 2.0,
    "zone": "sales_floor",
    "provenance": "assumed: parametric fit-out"
   },
   "geometry": {
    "type": "Polygon",
    "coordinates": [
     [
      [
       40.4,
       16.799999999999997
      ],
      [
       42.199999999999996,
       16.799999999999997
      ],
      [
       42.199999999999996,
       18.0
      ],
      [
       40.4,
       18.0
      ],
      [
       40.4,
       16.799999999999997
      ]
     ]
    ]
   }
  },
  {
   "type": "Feature",
   "id": "gondola_r03_b00",
   "properties": {
    "kind": "gondola",
    "material": "gondola",
    "z0_m": 0.0,
    "z1_m": 2.0,
    "zone": "sales_floor",
    "provenance": "assumed: parametric fit-out"
   },
   "geometry": {
    "type": "Polygon",
    "coordinates": [
     [
      [
       8.0,
       21.599999999999998
      ],
      [
       9.8,
       21.599999999999998
      ],
      [
       9.8,
       22.8
      ],
      [
       8.0,
       22.8
      ],
      [
       8.0,
       21.599999999999998
      ]
     ]
    ]
   }
  },
  {
   "type": "Feature",
   "id": "gondola_r03_b01",
   "properties": {
    "kind": "gondola",
    "material": "gondola",
    "z0_m": 0.0,
    "z1_m": 2.0,
    "zone": "sales_floor",
    "provenance": "assumed: parametric fit-out"
   },
   "geometry": {
    "type": "Polygon",
    "coordinates": [
     [
      [
       9.8,
       21.599999999999998
      ],
      [
       11.600000000000001,
       21.599999999999998
      ],
      [
       11.600000000000001,
       22.8
      ],
      [
       9.8,
       22.8
      ],
      [
       9.8,
       21.599999999999998
      ]
     ]
    ]
   }
  },
  {
   "type": "Feature",
   "id": "gondola_r03_b02",
   "properties": {
    "kind": "gondola",
    "material": "gondola",
    "z0_m": 0.0,
    "z1_m": 2.0,
    "zone": "sales_floor",
    "provenance": "assumed: parametric fit-out"
   },
   "geometry": {
    "type": "Polygon",
    "coordinates": [
     [
      [
       11.6,
       21.599999999999998
      ],
      [
       13.4,
       21.599999999999998
      ],
      [
       13.4,
       22.8
      ],
      [
       11.6,
       22.8
      ],
      [
       11.6,
       21.599999999999998
      ]
     ]
    ]
   }
  },
  {
   "type": "Feature",
   "id": "gondola_r03_b03",
   "properties": {
    "kind": "gondola",
    "material": "gondola",
    "z0_m": 0.0,
    "z1_m": 2.0,
    "zone": "sales_floor",
    "provenance": "assumed: parametric fit-out"
   },
   "geometry": {
    "type": "Polygon",
    "coordinates": [
     [
      [
       13.4,
       21.599999999999998
      ],
      [
       15.200000000000001,
       21.599999999999998
      ],
      [
       15.200000000000001,
       22.8
      ],
      [
       13.4,
       22.8
      ],
      [
       13.4,
       21.599999999999998
      ]
     ]
    ]
   }
  },
  {
   "type": "Feature",
   "id": "gondola_r03_b04",
   "properties": {
    "kind": "gondola",
    "material": "gondola",
    "z0_m": 0.0,
    "z1_m": 2.0,
    "zone": "sales_floor",
    "provenance": "assumed: parametric fit-out"
   },
   "geometry": {
    "type": "Polygon",
    "coordinates": [
     [
      [
       15.200000000000001,
       21.599999999999998
      ],
      [
       17.0,
       21.599999999999998
      ],
      [
       17.0,
       22.8
      ],
      [
       15.200000000000001,
       22.8
      ],
      [
       15.200000000000001,
       21.599999999999998
      ]
     ]
    ]
   }
  },
  {
   "type": "Feature",
   "id": "gondola_r03_b05",
   "properties": {
    "kind": "gondola",
    "material": "gondola",
    "z0_m": 0.0,
    "z1_m": 2.0,
    "zone": "sales_floor",
    "provenance": "assumed: parametric fit-out"
   },
   "geometry": {
    "type": "Polygon",
    "coordinates": [
     [
      [
       17.0,
       21.599999999999998
      ],
      [
       18.799999999999997,
       21.599999999999998
      ],
      [
       18.799999999999997,
       22.8
      ],
      [
       17.0,
       22.8
      ],
      [
       17.0,
       21.599999999999998
      ]
     ]
    ]
   }
  },
  {
   "type": "Feature",
   "id": "gondola_r03_b06",
   "properties": {
    "kind": "gondola",
    "material": "gondola",
    "z0_m": 0.0,
    "z1_m": 2.0,
    "zone": "sales_floor",
    "provenance": "assumed: parametric fit-out"
   },
   "geometry": {
    "type": "Polygon",
    "coordinates": [
     [
      [
       18.800000000000004,
       21.599999999999998
      ],
      [
       20.6,
       21.599999999999998
      ],
      [
       20.6,
       22.8
      ],
      [
       18.800000000000004,
       22.8
      ],
      [
       18.800000000000004,
       21.599999999999998
      ]
     ]
    ]
   }
  },
  {
   "type": "Feature",
   "id": "gondola_r03_b07",
   "properties": {
    "kind": "gondola",
    "material": "gondola",
    "z0_m": 0.0,
    "z1_m": 2.0,
    "zone": "sales_floor",
    "provenance": "assumed: parametric fit-out"
   },
   "geometry": {
    "type": "Polygon",
    "coordinates": [
     [
      [
       20.6,
       21.599999999999998
      ],
      [
       22.4,
       21.599999999999998
      ],
      [
       22.4,
       22.8
      ],
      [
       20.6,
       22.8
      ],
      [
       20.6,
       21.599999999999998
      ]
     ]
    ]
   }
  },
  {
   "type": "Feature",
   "id": "gondola_r03_b08",
   "properties": {
    "kind": "gondola",
    "material": "gondola",
    "z0_m": 0.0,
    "z1_m": 2.0,
    "zone": "sales_floor",
    "provenance": "assumed: parametric fit-out"
   },
   "geometry": {
    "type": "Polygon",
    "coordinates": [
     [
      [
       22.400000000000002,
       21.599999999999998
      ],
      [
       24.2,
       21.599999999999998
      ],
      [
       24.2,
       22.8
      ],
      [
       22.400000000000002,
       22.8
      ],
      [
       22.400000000000002,
       21.599999999999998
      ]
     ]
    ]
   }
  },
  {
   "type": "Feature",
   "id": "gondola_r03_b09",
   "properties": {
    "kind": "gondola",
    "material": "gondola",
    "z0_m": 0.0,
    "z1_m": 2.0,
    "zone": "sales_floor",
    "provenance": "assumed: parametric fit-out"
   },
   "geometry": {
    "type": "Polygon",
    "coordinates": [
     [
      [
       24.200000000000003,
       21.599999999999998
      ],
      [
       26.0,
       21.599999999999998
      ],
      [
       26.0,
       22.8
      ],
      [
       24.200000000000003,
       22.8
      ],
      [
       24.200000000000003,
       21.599999999999998
      ]
     ]
    ]
   }
  },
  {
   "type": "Feature",
   "id": "gondola_r03_b10",
   "properties": {
    "kind": "gondola",
    "material": "gondola",
    "z0_m": 0.0,
    "z1_m": 2.0,
    "zone": "sales_floor",
    "provenance": "assumed: parametric fit-out"
   },
   "geometry": {
    "type": "Polygon",
    "coordinates": [
     [
      [
       26.0,
       21.599999999999998
      ],
      [
       27.799999999999997,
       21.599999999999998
      ],
      [
       27.799999999999997,
       22.8
      ],
      [
       26.0,
       22.8
      ],
      [
       26.0,
       21.599999999999998
      ]
     ]
    ]
   }
  },
  {
   "type": "Feature",
   "id": "gondola_r03_b11",
   "properties": {
    "kind": "gondola",
    "material": "gondola",
    "z0_m": 0.0,
    "z1_m": 2.0,
    "zone": "sales_floor",
    "provenance": "assumed: parametric fit-out"
   },
   "geometry": {
    "type": "Polygon",
    "coordinates": [
     [
      [
       27.800000000000004,
       21.599999999999998
      ],
      [
       29.6,
       21.599999999999998
      ],
      [
       29.6,
       22.8
      ],
      [
       27.800000000000004,
       22.8
      ],
      [
       27.800000000000004,
       21.599999999999998
      ]
     ]
    ]
   }
  },
  {
   "type": "Feature",
   "id": "gondola_r03_b12",
   "properties": {
    "kind": "gondola",
    "material": "gondola",
    "z0_m": 0.0,
    "z1_m": 2.0,
    "zone": "sales_floor",
    "provenance": "assumed: parametric fit-out"
   },
   "geometry": {
    "type": "Polygon",
    "coordinates": [
     [
      [
       29.6,
       21.599999999999998
      ],
      [
       31.4,
       21.599999999999998
      ],
      [
       31.4,
       22.8
      ],
      [
       29.6,
       22.8
      ],
      [
       29.6,
       21.599999999999998
      ]
     ]
    ]
   }
  },
  {
   "type": "Feature",
   "id": "gondola_r03_b13",
   "properties": {
    "kind": "gondola",
    "material": "gondola",
    "z0_m": 0.0,
    "z1_m": 2.0,
    "zone": "sales_floor",
    "provenance": "assumed: parametric fit-out"
   },
   "geometry": {
    "type": "Polygon",
    "coordinates": [
     [
      [
       31.400000000000006,
       21.599999999999998
      ],
      [
       33.2,
       21.599999999999998
      ],
      [
       33.2,
       22.8
      ],
      [
       31.400000000000006,
       22.8
      ],
      [
       31.400000000000006,
       21.599999999999998
      ]
     ]
    ]
   }
  },
  {
   "type": "Feature",
   "id": "gondola_r03_b14",
   "properties": {
    "kind": "gondola",
    "material": "gondola",
    "z0_m": 0.0,
    "z1_m": 2.0,
    "zone": "sales_floor",
    "provenance": "assumed: parametric fit-out"
   },
   "geometry": {
    "type": "Polygon",
    "coordinates": [
     [
      [
       33.2,
       21.599999999999998
      ],
      [
       35.0,
       21.599999999999998
      ],
      [
       35.0,
       22.8
      ],
      [
       33.2,
       22.8
      ],
      [
       33.2,
       21.599999999999998
      ]
     ]
    ]
   }
  },
  {
   "type": "Feature",
   "id": "gondola_r03_b15",
   "properties": {
    "kind": "gondola",
    "material": "gondola",
    "z0_m": 0.0,
    "z1_m": 2.0,
    "zone": "sales_floor",
    "provenance": "assumed: parametric fit-out"
   },
   "geometry": {
    "type": "Polygon",
    "coordinates": [
     [
      [
       35.0,
       21.599999999999998
      ],
      [
       36.8,
       21.599999999999998
      ],
      [
       36.8,
       22.8
      ],
      [
       35.0,
       22.8
      ],
      [
       35.0,
       21.599999999999998
      ]
     ]
    ]
   }
  },
  {
   "type": "Feature",
   "id": "gondola_r03_b16",
   "properties": {
    "kind": "gondola",
    "material": "gondola",
    "z0_m": 0.0,
    "z1_m": 2.0,
    "zone": "sales_floor",
    "provenance": "assumed: parametric fit-out"
   },
   "geometry": {
    "type": "Polygon",
    "coordinates": [
     [
      [
       36.800000000000004,
       21.599999999999998
      ],
      [
       38.6,
       21.599999999999998
      ],
      [
       38.6,
       22.8
      ],
      [
       36.800000000000004,
       22.8
      ],
      [
       36.800000000000004,
       21.599999999999998
      ]
     ]
    ]
   }
  },
  {
   "type": "Feature",
   "id": "gondola_r03_b17",
   "properties": {
    "kind": "gondola",
    "material": "gondola",
    "z0_m": 0.0,
    "z1_m": 2.0,
    "zone": "sales_floor",
    "provenance": "assumed: parametric fit-out"
   },
   "geometry": {
    "type": "Polygon",
    "coordinates": [
     [
      [
       38.6,
       21.599999999999998
      ],
      [
       40.4,
       21.599999999999998
      ],
      [
       40.4,
       22.8
      ],
      [
       38.6,
       22.8
      ],
      [
       38.6,
       21.599999999999998
      ]
     ]
    ]
   }
  },
  {
   "type": "Feature",
   "id": "gondola_r03_b18",
   "properties": {
    "kind": "gondola",
    "material": "gondola",
    "z0_m": 0.0,
    "z1_m": 2.0,
    "zone": "sales_floor",
    "provenance": "assumed: parametric fit-out"
   },
   "geometry": {
    "type": "Polygon",
    "coordinates": [
     [
      [
       40.4,
       21.599999999999998
      ],
      [
       42.199999999999996,
       21.599999999999998
      ],
      [
       42.199999999999996,
       22.8
      ],
      [
       40.4,
       22.8
      ],
      [
       40.4,
       21.599999999999998
      ]
     ]
    ]
   }
  },
  {
   "type": "Feature",
   "id": "gondola_r04_b00",
   "properties": {
    "kind": "gondola",
    "material": "gondola",
    "z0_m": 0.0,
    "z1_m": 2.0,
    "zone": "sales_floor",
    "provenance": "assumed: parametric fit-out"
   },
   "geometry": {
    "type": "Polygon",
    "coordinates": [
     [
      [
       8.0,
       26.4
      ],
      [
       9.8,
       26.4
      ],
      [
       9.8,
       27.6
      ],
      [
       8.0,
       27.6
      ],
      [
       8.0,
       26.4
      ]
     ]
    ]
   }
  },
  {
   "type": "Feature",
   "id": "gondola_r04_b01",
   "properties": {
    "kind": "gondola",
    "material": "gondola",
    "z0_m": 0.0,
    "z1_m": 2.0,
    "zone": "sales_floor",
    "provenance": "assumed: parametric fit-out"
   },
   "geometry": {
    "type": "Polygon",
    "coordinates": [
     [
      [
       9.8,
       26.4
      ],
      [
       11.600000000000001,
       26.4
      ],
      [
       11.600000000000001,
       27.6
      ],
      [
       9.8,
       27.6
      ],
      [
       9.8,
       26.4
      ]
     ]
    ]
   }
  },
  {
   "type": "Feature",
   "id": "gondola_r04_b02",
   "properties": {
    "kind": "gondola",
    "material": "gondola",
    "z0_m": 0.0,
    "z1_m": 2.0,
    "zone": "sales_floor",
    "provenance": "assumed: parametric fit-out"
   },
   "geometry": {
    "type": "Polygon",
    "coordinates": [
     [
      [
       11.6,
       26.4
      ],
      [
       13.4,
       26.4
      ],
      [
       13.4,
       27.6
      ],
      [
       11.6,
       27.6
      ],
      [
       11.6,
       26.4
      ]
     ]
    ]
   }
  },
  {
   "type": "Feature",
   "id": "gondola_r04_b03",
   "properties": {
    "kind": "gondola",
    "material": "gondola",
    "z0_m": 0.0,
    "z1_m": 2.0,
    "zone": "sales_floor",
    "provenance": "assumed: parametric fit-out"
   },
   "geometry": {
    "type": "Polygon",
    "coordinates": [
     [
      [
       13.4,
       26.4
      ],
      [
       15.200000000000001,
       26.4
      ],
      [
       15.200000000000001,
       27.6
      ],
      [
       13.4,
       27.6
      ],
      [
       13.4,
       26.4
      ]
     ]
    ]
   }
  },
  {
   "type": "Feature",
   "id": "gondola_r04_b04",
   "properties": {
    "kind": "gondola",
    "material": "gondola",
    "z0_m": 0.0,
    "z1_m": 2.0,
    "zone": "sales_floor",
    "provenance": "assumed: parametric fit-out"
   },
   "geometry": {
    "type": "Polygon",
    "coordinates": [
     [
      [
       15.200000000000001,
       26.4
      ],
      [
       17.0,
       26.4
      ],
      [
       17.0,
       27.6
      ],
      [
       15.200000000000001,
       27.6
      ],
      [
       15.200000000000001,
       26.4
      ]
     ]
    ]
   }
  },
  {
   "type": "Feature",
   "id": "gondola_r04_b05",
   "properties": {
    "kind": "gondola",
    "material": "gondola",
    "z0_m": 0.0,
    "z1_m": 2.0,
    "zone": "sales_floor",
    "provenance": "assumed: parametric fit-out"
   },
   "geometry": {
    "type": "Polygon",
    "coordinates": [
     [
      [
       17.0,
       26.4
      ],
      [
       18.799999999999997,
       26.4
      ],
      [
       18.799999999999997,
       27.6
      ],
      [
       17.0,
       27.6
      ],
      [
       17.0,
       26.4
      ]
     ]
    ]
   }
  },
  {
   "type": "Feature",
   "id": "gondola_r04_b06",
   "properties": {
    "kind": "gondola",
    "material": "gondola",
    "z0_m": 0.0,
    "z1_m": 2.0,
    "zone": "sales_floor",
    "provenance": "assumed: parametric fit-out"
   },
   "geometry": {
    "type": "Polygon",
    "coordinates": [
     [
      [
       18.800000000000004,
       26.4
      ],
      [
       20.6,
       26.4
      ],
      [
       20.6,
       27.6
      ],
      [
       18.800000000000004,
       27.6
      ],
      [
       18.800000000000004,
       26.4
      ]
     ]
    ]
   }
  },
  {
   "type": "Feature",
   "id": "gondola_r04_b07",
   "properties": {
    "kind": "gondola",
    "material": "gondola",
    "z0_m": 0.0,
    "z1_m": 2.0,
    "zone": "sales_floor",
    "provenance": "assumed: parametric fit-out"
   },
   "geometry": {
    "type": "Polygon",
    "coordinates": [
     [
      [
       20.6,
       26.4
      ],
      [
       22.4,
       26.4
      ],
      [
       22.4,
       27.6
      ],
      [
       20.6,
       27.6
      ],
      [
       20.6,
       26.4
      ]
     ]
    ]
   }
  },
  {
   "type": "Feature",
   "id": "gondola_r04_b08",
   "properties": {
    "kind": "gondola",
    "material": "gondola",
    "z0_m": 0.0,
    "z1_m": 2.0,
    "zone": "sales_floor",
    "provenance": "assumed: parametric fit-out"
   },
   "geometry": {
    "type": "Polygon",
    "coordinates": [
     [
      [
       22.400000000000002,
       26.4
      ],
      [
       24.2,
       26.4
      ],
      [
       24.2,
       27.6
      ],
      [
       22.400000000000002,
       27.6
      ],
      [
       22.400000000000002,
       26.4
      ]
     ]
    ]
   }
  },
  {
   "type": "Feature",
   "id": "gondola_r04_b09",
   "properties": {
    "kind": "gondola",
    "material": "gondola",
    "z0_m": 0.0,
    "z1_m": 2.0,
    "zone": "sales_floor",
    "provenance": "assumed: parametric fit-out"
   },
   "geometry": {
    "type": "Polygon",
    "coordinates": [
     [
      [
       24.200000000000003,
       26.4
      ],
      [
       26.0,
       26.4
      ],
      [
       26.0,
       27.6
      ],
      [
       24.200000000000003,
       27.6
      ],
      [
       24.200000000000003,
       26.4
      ]
     ]
    ]
   }
  },
  {
   "type": "Feature",
   "id": "gondola_r04_b10",
   "properties": {
    "kind": "gondola",
    "material": "gondola",
    "z0_m": 0.0,
    "z1_m": 2.0,
    "zone": "sales_floor",
    "provenance": "assumed: parametric fit-out"
   },
   "geometry": {
    "type": "Polygon",
    "coordinates": [
     [
      [
       26.0,
       26.4
      ],
      [
       27.799999999999997,
       26.4
      ],
      [
       27.799999999999997,
       27.6
      ],
      [
       26.0,
       27.6
      ],
      [
       26.0,
       26.4
      ]
     ]
    ]
   }
  },
  {
   "type": "Feature",
   "id": "gondola_r04_b11",
   "properties": {
    "kind": "gondola",
    "material": "gondola",
    "z0_m": 0.0,
    "z1_m": 2.0,
    "zone": "sales_floor",
    "provenance": "assumed: parametric fit-out"
   },
   "geometry": {
    "type": "Polygon",
    "coordinates": [
     [
      [
       27.800000000000004,
       26.4
      ],
      [
       29.6,
       26.4
      ],
      [
       29.6,
       27.6
      ],
      [
       27.800000000000004,
       27.6
      ],
      [
       27.800000000000004,
       26.4
      ]
     ]
    ]
   }
  },
  {
   "type": "Feature",
   "id": "gondola_r04_b12",
   "properties": {
    "kind": "gondola",
    "material": "gondola",
    "z0_m": 0.0,
    "z1_m": 2.0,
    "zone": "sales_floor",
    "provenance": "assumed: parametric fit-out"
   },
   "geometry": {
    "type": "Polygon",
    "coordinates": [
     [
      [
       29.6,
       26.4
      ],
      [
       31.4,
       26.4
      ],
      [
       31.4,
       27.6
      ],
      [
       29.6,
       27.6
      ],
      [
       29.6,
       26.4
      ]
     ]
    ]
   }
  },
  {
   "type": "Feature",
   "id": "gondola_r04_b13",
   "properties": {
    "kind": "gondola",
    "material": "gondola",
    "z0_m": 0.0,
    "z1_m": 2.0,
    "zone": "sales_floor",
    "provenance": "assumed: parametric fit-out"
   },
   "geometry": {
    "type": "Polygon",
    "coordinates": [
     [
      [
       31.400000000000006,
       26.4
      ],
      [
       33.2,
       26.4
      ],
      [
       33.2,
       27.6
      ],
      [
       31.400000000000006,
       27.6
      ],
      [
       31.400000000000006,
       26.4
      ]
     ]
    ]
   }
  },
  {
   "type": "Feature",
   "id": "gondola_r04_b14",
   "properties": {
    "kind": "gondola",
    "material": "gondola",
    "z0_m": 0.0,
    "z1_m": 2.0,
    "zone": "sales_floor",
    "provenance": "assumed: parametric fit-out"
   },
   "geometry": {
    "type": "Polygon",
    "coordinates": [
     [
      [
       33.2,
       26.4
      ],
      [
       35.0,
       26.4
      ],
      [
       35.0,
       27.6
      ],
      [
       33.2,
       27.6
      ],
      [
       33.2,
       26.4
      ]
     ]
    ]
   }
  },
  {
   "type": "Feature",
   "id": "gondola_r04_b15",
   "properties": {
    "kind": "gondola",
    "material": "gondola",
    "z0_m": 0.0,
    "z1_m": 2.0,
    "zone": "sales_floor",
    "provenance": "assumed: parametric fit-out"
   },
   "geometry": {
    "type": "Polygon",
    "coordinates": [
     [
      [
       35.0,
       26.4
      ],
      [
       36.8,
       26.4
      ],
      [
       36.8,
       27.6
      ],
      [
       35.0,
       27.6
      ],
      [
       35.0,
       26.4
      ]
     ]
    ]
   }
  },
  {
   "type": "Feature",
   "id": "gondola_r04_b16",
   "properties": {
    "kind": "gondola",
    "material": "gondola",
    "z0_m": 0.0,
    "z1_m": 2.0,
    "zone": "sales_floor",
    "provenance": "assumed: parametric fit-out"
   },
   "geometry": {
    "type": "Polygon",
    "coordinates": [
     [
      [
       36.800000000000004,
       26.4
      ],
      [
       38.6,
       26.4
      ],
      [
       38.6,
       27.6
      ],
      [
       36.800000000000004,
       27.6
      ],
      [
       36.800000000000004,
       26.4
      ]
     ]
    ]
   }
  },
  {
   "type": "Feature",
   "id": "gondola_r04_b17",
   "properties": {
    "kind": "gondola",
    "material": "gondola",
    "z0_m": 0.0,
    "z1_m": 2.0,
    "zone": "sales_floor",
    "provenance": "assumed: parametric fit-out"
   },
   "geometry": {
    "type": "Polygon",
    "coordinates": [
     [
      [
       38.6,
       26.4
      ],
      [
       40.4,
       26.4
      ],
      [
       40.4,
       27.6
      ],
      [
       38.6,
       27.6
      ],
      [
       38.6,
       26.4
      ]
     ]
    ]
   }
  },
  {
   "type": "Feature",
   "id": "gondola_r04_b18",
   "properties": {
    "kind": "gondola",
    "material": "gondola",
    "z0_m": 0.0,
    "z1_m": 2.0,
    "zone": "sales_floor",
    "provenance": "assumed: parametric fit-out"
   },
   "geometry": {
    "type": "Polygon",
    "coordinates": [
     [
      [
       40.4,
       26.4
      ],
      [
       42.199999999999996,
       26.4
      ],
      [
       42.199999999999996,
       27.6
      ],
      [
       40.4,
       27.6
      ],
      [
       40.4,
       26.4
      ]
     ]
    ]
   }
  },
  {
   "type": "Feature",
   "id": "gondola_r05_b00",
   "properties": {
    "kind": "gondola",
    "material": "gondola",
    "z0_m": 0.0,
    "z1_m": 2.0,
    "zone": "sales_floor",
    "provenance": "assumed: parametric fit-out"
   },
   "geometry": {
    "type": "Polygon",
    "coordinates": [
     [
      [
       8.0,
       31.2
      ],
      [
       9.8,
       31.2
      ],
      [
       9.8,
       32.4
      ],
      [
       8.0,
       32.4
      ],
      [
       8.0,
       31.2
      ]
     ]
    ]
   }
  },
  {
   "type": "Feature",
   "id": "gondola_r05_b01",
   "properties": {
    "kind": "gondola",
    "material": "gondola",
    "z0_m": 0.0,
    "z1_m": 2.0,
    "zone": "sales_floor",
    "provenance": "assumed: parametric fit-out"
   },
   "geometry": {
    "type": "Polygon",
    "coordinates": [
     [
      [
       9.8,
       31.2
      ],
      [
       11.600000000000001,
       31.2
      ],
      [
       11.600000000000001,
       32.4
      ],
      [
       9.8,
       32.4
      ],
      [
       9.8,
       31.2
      ]
     ]
    ]
   }
  },
  {
   "type": "Feature",
   "id": "gondola_r05_b02",
   "properties": {
    "kind": "gondola",
    "material": "gondola",
    "z0_m": 0.0,
    "z1_m": 2.0,
    "zone": "sales_floor",
    "provenance": "assumed: parametric fit-out"
   },
   "geometry": {
    "type": "Polygon",
    "coordinates": [
     [
      [
       11.6,
       31.2
      ],
      [
       13.4,
       31.2
      ],
      [
       13.4,
       32.4
      ],
      [
       11.6,
       32.4
      ],
      [
       11.6,
       31.2
      ]
     ]
    ]
   }
  },
  {
   "type": "Feature",
   "id": "gondola_r05_b03",
   "properties": {
    "kind": "gondola",
    "material": "gondola",
    "z0_m": 0.0,
    "z1_m": 2.0,
    "zone": "sales_floor",
    "provenance": "assumed: parametric fit-out"
   },
   "geometry": {
    "type": "Polygon",
    "coordinates": [
     [
      [
       13.4,
       31.2
      ],
      [
       15.200000000000001,
       31.2
      ],
      [
       15.200000000000001,
       32.4
      ],
      [
       13.4,
       32.4
      ],
      [
       13.4,
       31.2
      ]
     ]
    ]
   }
  },
  {
   "type": "Feature",
   "id": "gondola_r05_b04",
   "properties": {
    "kind": "gondola",
    "material": "gondola",
    "z0_m": 0.0,
    "z1_m": 2.0,
    "zone": "sales_floor",
    "provenance": "assumed: parametric fit-out"
   },
   "geometry": {
    "type": "Polygon",
    "coordinates": [
     [
      [
       15.200000000000001,
       31.2
      ],
      [
       17.0,
       31.2
      ],
      [
       17.0,
       32.4
      ],
      [
       15.200000000000001,
       32.4
      ],
      [
       15.200000000000001,
       31.2
      ]
     ]
    ]
   }
  },
  {
   "type": "Feature",
   "id": "gondola_r05_b05",
   "properties": {
    "kind": "gondola",
    "material": "gondola",
    "z0_m": 0.0,
    "z1_m": 2.0,
    "zone": "sales_floor",
    "provenance": "assumed: parametric fit-out"
   },
   "geometry": {
    "type": "Polygon",
    "coordinates": [
     [
      [
       17.0,
       31.2
      ],
      [
       18.799999999999997,
       31.2
      ],
      [
       18.799999999999997,
       32.4
      ],
      [
       17.0,
       32.4
      ],
      [
       17.0,
       31.2
      ]
     ]
    ]
   }
  },
  {
   "type": "Feature",
   "id": "gondola_r05_b06",
   "properties": {
    "kind": "gondola",
    "material": "gondola",
    "z0_m": 0.0,
    "z1_m": 2.0,
    "zone": "sales_floor",
    "provenance": "assumed: parametric fit-out"
   },
   "geometry": {
    "type": "Polygon",
    "coordinates": [
     [
      [
       18.800000000000004,
       31.2
      ],
      [
       20.6,
       31.2
      ],
      [
       20.6,
       32.4
      ],
      [
       18.800000000000004,
       32.4
      ],
      [
       18.800000000000004,
       31.2
      ]
     ]
    ]
   }
  },
  {
   "type": "Feature",
   "id": "gondola_r05_b07",
   "properties": {
    "kind": "gondola",
    "material": "gondola",
    "z0_m": 0.0,
    "z1_m": 2.0,
    "zone": "sales_floor",
    "provenance": "assumed: parametric fit-out"
   },
   "geometry": {
    "type": "Polygon",
    "coordinates": [
     [
      [
       20.6,
       31.2
      ],
      [
       22.4,
       31.2
      ],
      [
       22.4,
       32.4
      ],
      [
       20.6,
       32.4
      ],
      [
       20.6,
       31.2
      ]
     ]
    ]
   }
  },
  {
   "type": "Feature",
   "id": "gondola_r05_b08",
   "properties": {
    "kind": "gondola",
    "material": "gondola",
    "z0_m": 0.0,
    "z1_m": 2.0,
    "zone": "sales_floor",
    "provenance": "assumed: parametric fit-out"
   },
   "geometry": {
    "type": "Polygon",
    "coordinates": [
     [
      [
       22.400000000000002,
       31.2
      ],
      [
       24.2,
       31.2
      ],
      [
       24.2,
       32.4
      ],
      [
       22.400000000000002,
       32.4
      ],
      [
       22.400000000000002,
       31.2
      ]
     ]
    ]
   }
  },
  {
   "type": "Feature",
   "id": "gondola_r05_b09",
   "properties": {
    "kind": "gondola",
    "material": "gondola",
    "z0_m": 0.0,
    "z1_m": 2.0,
    "zone": "sales_floor",
    "provenance": "assumed: parametric fit-out"
   },
   "geometry": {
    "type": "Polygon",
    "coordinates": [
     [
      [
       24.200000000000003,
       31.2
      ],
      [
       26.0,
       31.2
      ],
      [
       26.0,
       32.4
      ],
      [
       24.200000000000003,
       32.4
      ],
      [
       24.200000000000003,
       31.2
      ]
     ]
    ]
   }
  },
  {
   "type": "Feature",
   "id": "gondola_r05_b10",
   "properties": {
    "kind": "gondola",
    "material": "gondola",
    "z0_m": 0.0,
    "z1_m": 2.0,
    "zone": "sales_floor",
    "provenance": "assumed: parametric fit-out"
   },
   "geometry": {
    "type": "Polygon",
    "coordinates": [
     [
      [
       26.0,
       31.2
      ],
      [
       27.799999999999997,
       31.2
      ],
      [
       27.799999999999997,
       32.4
      ],
      [
       26.0,
       32.4
      ],
      [
       26.0,
       31.2
      ]
     ]
    ]
   }
  },
  {
   "type": "Feature",
   "id": "gondola_r05_b11",
   "properties": {
    "kind": "gondola",
    "material": "gondola",
    "z0_m": 0.0,
    "z1_m": 2.0,
    "zone": "sales_floor",
    "provenance": "assumed: parametric fit-out"
   },
   "geometry": {
    "type": "Polygon",
    "coordinates": [
     [
      [
       27.800000000000004,
       31.2
      ],
      [
       29.6,
       31.2
      ],
      [
       29.6,
       32.4
      ],
      [
       27.800000000000004,
       32.4
      ],
      [
       27.800000000000004,
       31.2
      ]
     ]
    ]
   }
  },
  {
   "type": "Feature",
   "id": "gondola_r05_b12",
   "properties": {
    "kind": "gondola",
    "material": "gondola",
    "z0_m": 0.0,
    "z1_m": 2.0,
    "zone": "sales_floor",
    "provenance": "assumed: parametric fit-out"
   },
   "geometry": {
    "type": "Polygon",
    "coordinates": [
     [
      [
       29.6,
       31.2
      ],
      [
       31.4,
       31.2
      ],
      [
       31.4,
       32.4
      ],
      [
       29.6,
       32.4
      ],
      [
       29.6,
       31.2
      ]
     ]
    ]
   }
  },
  {
   "type": "Feature",
   "id": "gondola_r05_b13",
   "properties": {
    "kind": "gondola",
    "material": "gondola",
    "z0_m": 0.0,
    "z1_m": 2.0,
    "zone": "sales_floor",
    "provenance": "assumed: parametric fit-out"
   },
   "geometry": {
    "type": "Polygon",
    "coordinates": [
     [
      [
       31.400000000000006,
       31.2
      ],
      [
       33.2,
       31.2
      ],
      [
       33.2,
       32.4
      ],
      [
       31.400000000000006,
       32.4
      ],
      [
       31.400000000000006,
       31.2
      ]
     ]
    ]
   }
  },
  {
   "type": "Feature",
   "id": "gondola_r05_b14",
   "properties": {
    "kind": "gondola",
    "material": "gondola",
    "z0_m": 0.0,
    "z1_m": 2.0,
    "zone": "sales_floor",
    "provenance": "assumed: parametric fit-out"
   },
   "geometry": {
    "type": "Polygon",
    "coordinates": [
     [
      [
       33.2,
       31.2
      ],
      [
       35.0,
       31.2
      ],
      [
       35.0,
       32.4
      ],
      [
       33.2,
       32.4
      ],
      [
       33.2,
       31.2
      ]
     ]
    ]
   }
  },
  {
   "type": "Feature",
   "id": "gondola_r05_b15",
   "properties": {
    "kind": "gondola",
    "material": "gondola",
    "z0_m": 0.0,
    "z1_m": 2.0,
    "zone": "sales_floor",
    "provenance": "assumed: parametric fit-out"
   },
   "geometry": {
    "type": "Polygon",
    "coordinates": [
     [
      [
       35.0,
       31.2
      ],
      [
       36.8,
       31.2
      ],
      [
       36.8,
       32.4
      ],
      [
       35.0,
       32.4
      ],
      [
       35.0,
       31.2
      ]
     ]
    ]
   }
  },
  {
   "type": "Feature",
   "id": "gondola_r05_b16",
   "properties": {
    "kind": "gondola",
    "material": "gondola",
    "z0_m": 0.0,
    "z1_m": 2.0,
    "zone": "sales_floor",
    "provenance": "assumed: parametric fit-out"
   },
   "geometry": {
    "type": "Polygon",
    "coordinates": [
     [
      [
       36.800000000000004,
       31.2
      ],
      [
       38.6,
       31.2
      ],
      [
       38.6,
       32.4
      ],
      [
       36.800000000000004,
       32.4
      ],
      [
       36.800000000000004,
       31.2
      ]
     ]
    ]
   }
  },
  {
   "type": "Feature",
   "id": "gondola_r05_b17",
   "properties": {
    "kind": "gondola",
    "material": "gondola",
    "z0_m": 0.0,
    "z1_m": 2.0,
    "zone": "sales_floor",
    "provenance": "assumed: parametric fit-out"
   },
   "geometry": {
    "type": "Polygon",
    "coordinates": [
     [
      [
       38.6,
       31.2
      ],
      [
       40.4,
       31.2
      ],
      [
       40.4,
       32.4
      ],
      [
       38.6,
       32.4
      ],
      [
       38.6,
       31.2
      ]
     ]
    ]
   }
  },
  {
   "type": "Feature",
   "id": "gondola_r05_b18",
   "properties": {
    "kind": "gondola",
    "material": "gondola",
    "z0_m": 0.0,
    "z1_m": 2.0,
    "zone": "sales_floor",
    "provenance": "assumed: parametric fit-out"
   },
   "geometry": {
    "type": "Polygon",
    "coordinates": [
     [
      [
       40.4,
       31.2
      ],
      [
       42.199999999999996,
       31.2
      ],
      [
       42.199999999999996,
       32.4
      ],
      [
       40.4,
       32.4
      ],
      [
       40.4,
       31.2
      ]
     ]
    ]
   }
  },
  {
   "type": "Feature",
   "id": "gondola_r06_b00",
   "properties": {
    "kind": "gondola",
    "material": "gondola",
    "z0_m": 0.0,
    "z1_m": 2.0,
    "zone": "sales_floor",
    "provenance": "assumed: parametric fit-out"
   },
   "geometry": {
    "type": "Polygon",
    "coordinates": [
     [
      [
       8.0,
       35.99999999999999
      ],
      [
       9.8,
       35.99999999999999
      ],
      [
       9.8,
       37.199999999999996
      ],
      [
       8.0,
       37.199999999999996
      ],
      [
       8.0,
       35.99999999999999
      ]
     ]
    ]
   }
  },
  {
   "type": "Feature",
   "id": "gondola_r06_b01",
   "properties": {
    "kind": "gondola",
    "material": "gondola",
    "z0_m": 0.0,
    "z1_m": 2.0,
    "zone": "sales_floor",
    "provenance": "assumed: parametric fit-out"
   },
   "geometry": {
    "type": "Polygon",
    "coordinates": [
     [
      [
       9.8,
       35.99999999999999
      ],
      [
       11.600000000000001,
       35.99999999999999
      ],
      [
       11.600000000000001,
       37.199999999999996
      ],
      [
       9.8,
       37.199999999999996
      ],
      [
       9.8,
       35.99999999999999
      ]
     ]
    ]
   }
  },
  {
   "type": "Feature",
   "id": "gondola_r06_b02",
   "properties": {
    "kind": "gondola",
    "material": "gondola",
    "z0_m": 0.0,
    "z1_m": 2.0,
    "zone": "sales_floor",
    "provenance": "assumed: parametric fit-out"
   },
   "geometry": {
    "type": "Polygon",
    "coordinates": [
     [
      [
       11.6,
       35.99999999999999
      ],
      [
       13.4,
       35.99999999999999
      ],
      [
       13.4,
       37.199999999999996
      ],
      [
       11.6,
       37.199999999999996
      ],
      [
       11.6,
       35.99999999999999
      ]
     ]
    ]
   }
  },
  {
   "type": "Feature",
   "id": "gondola_r06_b03",
   "properties": {
    "kind": "gondola",
    "material": "gondola",
    "z0_m": 0.0,
    "z1_m": 2.0,
    "zone": "sales_floor",
    "provenance": "assumed: parametric fit-out"
   },
   "geometry": {
    "type": "Polygon",
    "coordinates": [
     [
      [
       13.4,
       35.99999999999999
      ],
      [
       15.200000000000001,
       35.99999999999999
      ],
      [
       15.200000000000001,
       37.199999999999996
      ],
      [
       13.4,
       37.199999999999996
      ],
      [
       13.4,
       35.99999999999999
      ]
     ]
    ]
   }
  },
  {
   "type": "Feature",
   "id": "gondola_r06_b04",
   "properties": {
    "kind": "gondola",
    "material": "gondola",
    "z0_m": 0.0,
    "z1_m": 2.0,
    "zone": "sales_floor",
    "provenance": "assumed: parametric fit-out"
   },
   "geometry": {
    "type": "Polygon",
    "coordinates": [
     [
      [
       15.200000000000001,
       35.99999999999999
      ],
      [
       17.0,
       35.99999999999999
      ],
      [
       17.0,
       37.199999999999996
      ],
      [
       15.200000000000001,
       37.199999999999996
      ],
      [
       15.200000000000001,
       35.99999999999999
      ]
     ]
    ]
   }
  },
  {
   "type": "Feature",
   "id": "gondola_r06_b05",
   "properties": {
    "kind": "gondola",
    "material": "gondola",
    "z0_m": 0.0,
    "z1_m": 2.0,
    "zone": "sales_floor",
    "provenance": "assumed: parametric fit-out"
   },
   "geometry": {
    "type": "Polygon",
    "coordinates": [
     [
      [
       17.0,
       35.99999999999999
      ],
      [
       18.799999999999997,
       35.99999999999999
      ],
      [
       18.799999999999997,
       37.199999999999996
      ],
      [
       17.0,
       37.199999999999996
      ],
      [
       17.0,
       35.99999999999999
      ]
     ]
    ]
   }
  },
  {
   "type": "Feature",
   "id": "gondola_r06_b06",
   "properties": {
    "kind": "gondola",
    "material": "gondola",
    "z0_m": 0.0,
    "z1_m": 2.0,
    "zone": "sales_floor",
    "provenance": "assumed: parametric fit-out"
   },
   "geometry": {
    "type": "Polygon",
    "coordinates": [
     [
      [
       18.800000000000004,
       35.99999999999999
      ],
      [
       20.6,
       35.99999999999999
      ],
      [
       20.6,
       37.199999999999996
      ],
      [
       18.800000000000004,
       37.199999999999996
      ],
      [
       18.800000000000004,
       35.99999999999999
      ]
     ]
    ]
   }
  },
  {
   "type": "Feature",
   "id": "gondola_r06_b07",
   "properties": {
    "kind": "gondola",
    "material": "gondola",
    "z0_m": 0.0,
    "z1_m": 2.0,
    "zone": "sales_floor",
    "provenance": "assumed: parametric fit-out"
   },
   "geometry": {
    "type": "Polygon",
    "coordinates": [
     [
      [
       20.6,
       35.99999999999999
      ],
      [
       22.4,
       35.99999999999999
      ],
      [
       22.4,
       37.199999999999996
      ],
      [
       20.6,
       37.199999999999996
      ],
      [
       20.6,
       35.99999999999999
      ]
     ]
    ]
   }
  },
  {
   "type": "Feature",
   "id": "gondola_r06_b08",
   "properties": {
    "kind": "gondola",
    "material": "gondola",
    "z0_m": 0.0,
    "z1_m": 2.0,
    "zone": "sales_floor",
    "provenance": "assumed: parametric fit-out"
   },
   "geometry": {
    "type": "Polygon",
    "coordinates": [
     [
      [
       22.400000000000002,
       35.99999999999999
      ],
      [
       24.2,
       35.99999999999999
      ],
      [
       24.2,
       37.199999999999996
      ],
      [
       22.400000000000002,
       37.199999999999996
      ],
      [
       22.400000000000002,
       35.99999999999999
      ]
     ]
    ]
   }
  },
  {
   "type": "Feature",
   "id": "gondola_r06_b09",
   "properties": {
    "kind": "gondola",
    "material": "gondola",
    "z0_m": 0.0,
    "z1_m": 2.0,
    "zone": "sales_floor",
    "provenance": "assumed: parametric fit-out"
   },
   "geometry": {
    "type": "Polygon",
    "coordinates": [
     [
      [
       24.200000000000003,
       35.99999999999999
      ],
      [
       26.0,
       35.99999999999999
      ],
      [
       26.0,
       37.199999999999996
      ],
      [
       24.200000000000003,
       37.199999999999996
      ],
      [
       24.200000000000003,
       35.99999999999999
      ]
     ]
    ]
   }
  },
  {
   "type": "Feature",
   "id": "gondola_r06_b10",
   "properties": {
    "kind": "gondola",
    "material": "gondola",
    "z0_m": 0.0,
    "z1_m": 2.0,
    "zone": "sales_floor",
    "provenance": "assumed: parametric fit-out"
   },
   "geometry": {
    "type": "Polygon",
    "coordinates": [
     [
      [
       26.0,
       35.99999999999999
      ],
      [
       27.799999999999997,
       35.99999999999999
      ],
      [
       27.799999999999997,
       37.199999999999996
      ],
      [
       26.0,
       37.199999999999996
      ],
      [
       26.0,
       35.99999999999999
      ]
     ]
    ]
   }
  },
  {
   "type": "Feature",
   "id": "gondola_r06_b11",
   "properties": {
    "kind": "gondola",
    "material": "gondola",
    "z0_m": 0.0,
    "z1_m": 2.0,
    "zone": "sales_floor",
    "provenance": "assumed: parametric fit-out"
   },
   "geometry": {
    "type": "Polygon",
    "coordinates": [
     [
      [
       27.800000000000004,
       35.99999999999999
      ],
      [
       29.6,
       35.99999999999999
      ],
      [
       29.6,
       37.199999999999996
      ],
      [
       27.800000000000004,
       37.199999999999996
      ],
      [
       27.800000000000004,
       35.99999999999999
      ]
     ]
    ]
   }
  },
  {
   "type": "Feature",
   "id": "gondola_r06_b12",
   "properties": {
    "kind": "gondola",
    "material": "gondola",
    "z0_m": 0.0,
    "z1_m": 2.0,
    "zone": "sales_floor",
    "provenance": "assumed: parametric fit-out"
   },
   "geometry": {
    "type": "Polygon",
    "coordinates": [
     [
      [
       29.6,
       35.99999999999999
      ],
      [
       31.4,
       35.99999999999999
      ],
      [
       31.4,
       37.199999999999996
      ],
      [
       29.6,
       37.199999999999996
      ],
      [
       29.6,
       35.99999999999999
      ]
     ]
    ]
   }
  },
  {
   "type": "Feature",
   "id": "gondola_r06_b13",
   "properties": {
    "kind": "gondola",
    "material": "gondola",
    "z0_m": 0.0,
    "z1_m": 2.0,
    "zone": "sales_floor",
    "provenance": "assumed: parametric fit-out"
   },
   "geometry": {
    "type": "Polygon",
    "coordinates": [
     [
      [
       31.400000000000006,
       35.99999999999999
      ],
      [
       33.2,
       35.99999999999999
      ],
      [
       33.2,
       37.199999999999996
      ],
      [
       31.400000000000006,
       37.199999999999996
      ],
      [
       31.400000000000006,
       35.99999999999999
      ]
     ]
    ]
   }
  },
  {
   "type": "Feature",
   "id": "gondola_r06_b14",
   "properties": {
    "kind": "gondola",
    "material": "gondola",
    "z0_m": 0.0,
    "z1_m": 2.0,
    "zone": "sales_floor",
    "provenance": "assumed: parametric fit-out"
   },
   "geometry": {
    "type": "Polygon",
    "coordinates": [
     [
      [
       33.2,
       35.99999999999999
      ],
      [
       35.0,
       35.99999999999999
      ],
      [
       35.0,
       37.199999999999996
      ],
      [
       33.2,
       37.199999999999996
      ],
      [
       33.2,
       35.99999999999999
      ]
     ]
    ]
   }
  },
  {
   "type": "Feature",
   "id": "gondola_r06_b15",
   "properties": {
    "kind": "gondola",
    "material": "gondola",
    "z0_m": 0.0,
    "z1_m": 2.0,
    "zone": "sales_floor",
    "provenance": "assumed: parametric fit-out"
   },
   "geometry": {
    "type": "Polygon",
    "coordinates": [
     [
      [
       35.0,
       35.99999999999999
      ],
      [
       36.8,
       35.99999999999999
      ],
      [
       36.8,
       37.199999999999996
      ],
      [
       35.0,
       37.199999999999996
      ],
      [
       35.0,
       35.99999999999999
      ]
     ]
    ]
   }
  },
  {
   "type": "Feature",
   "id": "gondola_r06_b16",
   "properties": {
    "kind": "gondola",
    "material": "gondola",
    "z0_m": 0.0,
    "z1_m": 2.0,
    "zone": "sales_floor",
    "provenance": "assumed: parametric fit-out"
   },
   "geometry": {
    "type": "Polygon",
    "coordinates": [
     [
      [
       36.800000000000004,
       35.99999999999999
      ],
      [
       38.6,
       35.99999999999999
      ],
      [
       38.6,
       37.199999999999996
      ],
      [
       36.800000000000004,
       37.199999999999996
      ],
      [
       36.800000000000004,
       35.99999999999999
      ]
     ]
    ]
   }
  },
  {
   "type": "Feature",
   "id": "gondola_r06_b17",
   "properties": {
    "kind": "gondola",
    "material": "gondola",
    "z0_m": 0.0,
    "z1_m": 2.0,
    "zone": "sales_floor",
    "provenance": "assumed: parametric fit-out"
   },
   "geometry": {
    "type": "Polygon",
    "coordinates": [
     [
      [
       38.6,
       35.99999999999999
      ],
      [
       40.4,
       35.99999999999999
      ],
      [
       40.4,
       37.199999999999996
      ],
      [
       38.6,
       37.199999999999996
      ],
      [
       38.6,
       35.99999999999999
      ]
     ]
    ]
   }
  },
  {
   "type": "Feature",
   "id": "gondola_r06_b18",
   "properties": {
    "kind": "gondola",
    "material": "gondola",
    "z0_m": 0.0,
    "z1_m": 2.0,
    "zone": "sales_floor",
    "provenance": "assumed: parametric fit-out"
   },
   "geometry": {
    "type": "Polygon",
    "coordinates": [
     [
      [
       40.4,
       35.99999999999999
      ],
      [
       42.199999999999996,
       35.99999999999999
      ],
      [
       42.199999999999996,
       37.199999999999996
      ],
      [
       40.4,
       37.199999999999996
      ],
      [
       40.4,
       35.99999999999999
      ]
     ]
    ]
   }
  },
  {
   "type": "Feature",
   "id": "gondola_r07_b00",
   "properties": {
    "kind": "gondola",
    "material": "gondola",
    "z0_m": 0.0,
    "z1_m": 2.0,
    "zone": "sales_floor",
    "provenance": "assumed: parametric fit-out"
   },
   "geometry": {
    "type": "Polygon",
    "coordinates": [
     [
      [
       8.0,
       40.800000000000004
      ],
      [
       9.8,
       40.800000000000004
      ],
      [
       9.8,
       42.00000000000001
      ],
      [
       8.0,
       42.00000000000001
      ],
      [
       8.0,
       40.800000000000004
      ]
     ]
    ]
   }
  },
  {
   "type": "Feature",
   "id": "gondola_r07_b01",
   "properties": {
    "kind": "gondola",
    "material": "gondola",
    "z0_m": 0.0,
    "z1_m": 2.0,
    "zone": "sales_floor",
    "provenance": "assumed: parametric fit-out"
   },
   "geometry": {
    "type": "Polygon",
    "coordinates": [
     [
      [
       9.8,
       40.800000000000004
      ],
      [
       11.600000000000001,
       40.800000000000004
      ],
      [
       11.600000000000001,
       42.00000000000001
      ],
      [
       9.8,
       42.00000000000001
      ],
      [
       9.8,
       40.800000000000004
      ]
     ]
    ]
   }
  },
  {
   "type": "Feature",
   "id": "gondola_r07_b02",
   "properties": {
    "kind": "gondola",
    "material": "gondola",
    "z0_m": 0.0,
    "z1_m": 2.0,
    "zone": "sales_floor",
    "provenance": "assumed: parametric fit-out"
   },
   "geometry": {
    "type": "Polygon",
    "coordinates": [
     [
      [
       11.6,
       40.800000000000004
      ],
      [
       13.4,
       40.800000000000004
      ],
      [
       13.4,
       42.00000000000001
      ],
      [
       11.6,
       42.00000000000001
      ],
      [
       11.6,
       40.800000000000004
      ]
     ]
    ]
   }
  },
  {
   "type": "Feature",
   "id": "gondola_r07_b03",
   "properties": {
    "kind": "gondola",
    "material": "gondola",
    "z0_m": 0.0,
    "z1_m": 2.0,
    "zone": "sales_floor",
    "provenance": "assumed: parametric fit-out"
   },
   "geometry": {
    "type": "Polygon",
    "coordinates": [
     [
      [
       13.4,
       40.800000000000004
      ],
      [
       15.200000000000001,
       40.800000000000004
      ],
      [
       15.200000000000001,
       42.00000000000001
      ],
      [
       13.4,
       42.00000000000001
      ],
      [
       13.4,
       40.800000000000004
      ]
     ]
    ]
   }
  },
  {
   "type": "Feature",
   "id": "gondola_r07_b04",
   "properties": {
    "kind": "gondola",
    "material": "gondola",
    "z0_m": 0.0,
    "z1_m": 2.0,
    "zone": "sales_floor",
    "provenance": "assumed: parametric fit-out"
   },
   "geometry": {
    "type": "Polygon",
    "coordinates": [
     [
      [
       15.200000000000001,
       40.800000000000004
      ],
      [
       17.0,
       40.800000000000004
      ],
      [
       17.0,
       42.00000000000001
      ],
      [
       15.200000000000001,
       42.00000000000001
      ],
      [
       15.200000000000001,
       40.800000000000004
      ]
     ]
    ]
   }
  },
  {
   "type": "Feature",
   "id": "gondola_r07_b05",
   "properties": {
    "kind": "gondola",
    "material": "gondola",
    "z0_m": 0.0,
    "z1_m": 2.0,
    "zone": "sales_floor",
    "provenance": "assumed: parametric fit-out"
   },
   "geometry": {
    "type": "Polygon",
    "coordinates": [
     [
      [
       17.0,
       40.800000000000004
      ],
      [
       18.799999999999997,
       40.800000000000004
      ],
      [
       18.799999999999997,
       42.00000000000001
      ],
      [
       17.0,
       42.00000000000001
      ],
      [
       17.0,
       40.800000000000004
      ]
     ]
    ]
   }
  },
  {
   "type": "Feature",
   "id": "gondola_r07_b06",
   "properties": {
    "kind": "gondola",
    "material": "gondola",
    "z0_m": 0.0,
    "z1_m": 2.0,
    "zone": "sales_floor",
    "provenance": "assumed: parametric fit-out"
   },
   "geometry": {
    "type": "Polygon",
    "coordinates": [
     [
      [
       18.800000000000004,
       40.800000000000004
      ],
      [
       20.6,
       40.800000000000004
      ],
      [
       20.6,
       42.00000000000001
      ],
      [
       18.800000000000004,
       42.00000000000001
      ],
      [
       18.800000000000004,
       40.800000000000004
      ]
     ]
    ]
   }
  },
  {
   "type": "Feature",
   "id": "gondola_r07_b07",
   "properties": {
    "kind": "gondola",
    "material": "gondola",
    "z0_m": 0.0,
    "z1_m": 2.0,
    "zone": "sales_floor",
    "provenance": "assumed: parametric fit-out"
   },
   "geometry": {
    "type": "Polygon",
    "coordinates": [
     [
      [
       20.6,
       40.800000000000004
      ],
      [
       22.4,
       40.800000000000004
      ],
      [
       22.4,
       42.00000000000001
      ],
      [
       20.6,
       42.00000000000001
      ],
      [
       20.6,
       40.800000000000004
      ]
     ]
    ]
   }
  },
  {
   "type": "Feature",
   "id": "gondola_r07_b08",
   "properties": {
    "kind": "gondola",
    "material": "gondola",
    "z0_m": 0.0,
    "z1_m": 2.0,
    "zone": "sales_floor",
    "provenance": "assumed: parametric fit-out"
   },
   "geometry": {
    "type": "Polygon",
    "coordinates": [
     [
      [
       22.400000000000002,
       40.800000000000004
      ],
      [
       24.2,
       40.800000000000004
      ],
      [
       24.2,
       42.00000000000001
      ],
      [
       22.400000000000002,
       42.00000000000001
      ],
      [
       22.400000000000002,
       40.800000000000004
      ]
     ]
    ]
   }
  },
  {
   "type": "Feature",
   "id": "gondola_r07_b09",
   "properties": {
    "kind": "gondola",
    "material": "gondola",
    "z0_m": 0.0,
    "z1_m": 2.0,
    "zone": "sales_floor",
    "provenance": "assumed: parametric fit-out"
   },
   "geometry": {
    "type": "Polygon",
    "coordinates": [
     [
      [
       24.200000000000003,
       40.800000000000004
      ],
      [
       26.0,
       40.800000000000004
      ],
      [
       26.0,
       42.00000000000001
      ],
      [
       24.200000000000003,
       42.00000000000001
      ],
      [
       24.200000000000003,
       40.800000000000004
      ]
     ]
    ]
   }
  },
  {
   "type": "Feature",
   "id": "gondola_r07_b10",
   "properties": {
    "kind": "gondola",
    "material": "gondola",
    "z0_m": 0.0,
    "z1_m": 2.0,
    "zone": "sales_floor",
    "provenance": "assumed: parametric fit-out"
   },
   "geometry": {
    "type": "Polygon",
    "coordinates": [
     [
      [
       26.0,
       40.800000000000004
      ],
      [
       27.799999999999997,
       40.800000000000004
      ],
      [
       27.799999999999997,
       42.00000000000001
      ],
      [
       26.0,
       42.00000000000001
      ],
      [
       26.0,
       40.800000000000004
      ]
     ]
    ]
   }
  },
  {
   "type": "Feature",
   "id": "gondola_r07_b11",
   "properties": {
    "kind": "gondola",
    "material": "gondola",
    "z0_m": 0.0,
    "z1_m": 2.0,
    "zone": "sales_floor",
    "provenance": "assumed: parametric fit-out"
   },
   "geometry": {
    "type": "Polygon",
    "coordinates": [
     [
      [
       27.800000000000004,
       40.800000000000004
      ],
      [
       29.6,
       40.800000000000004
      ],
      [
       29.6,
       42.00000000000001
      ],
      [
       27.800000000000004,
       42.00000000000001
      ],
      [
       27.800000000000004,
       40.800000000000004
      ]
     ]
    ]
   }
  },
  {
   "type": "Feature",
   "id": "gondola_r07_b12",
   "properties": {
    "kind": "gondola",
    "material": "gondola",
    "z0_m": 0.0,
    "z1_m": 2.0,
    "zone": "sales_floor",
    "provenance": "assumed: parametric fit-out"
   },
   "geometry": {
    "type": "Polygon",
    "coordinates": [
     [
      [
       29.6,
       40.800000000000004
      ],
      [
       31.4,
       40.800000000000004
      ],
      [
       31.4,
       42.00000000000001
      ],
      [
       29.6,
       42.00000000000001
      ],
      [
       29.6,
       40.800000000000004
      ]
     ]
    ]
   }
  },
  {
   "type": "Feature",
   "id": "gondola_r07_b13",
   "properties": {
    "kind": "gondola",
    "material": "gondola",
    "z0_m": 0.0,
    "z1_m": 2.0,
    "zone": "sales_floor",
    "provenance": "assumed: parametric fit-out"
   },
   "geometry": {
    "type": "Polygon",
    "coordinates": [
     [
      [
       31.400000000000006,
       40.800000000000004
      ],
      [
       33.2,
       40.800000000000004
      ],
      [
       33.2,
       42.00000000000001
      ],
      [
       31.400000000000006,
       42.00000000000001
      ],
      [
       31.400000000000006,
       40.800000000000004
      ]
     ]
    ]
   }
  },
  {
   "type": "Feature",
   "id": "gondola_r07_b14",
   "properties": {
    "kind": "gondola",
    "material": "gondola",
    "z0_m": 0.0,
    "z1_m": 2.0,
    "zone": "sales_floor",
    "provenance": "assumed: parametric fit-out"
   },
   "geometry": {
    "type": "Polygon",
    "coordinates": [
     [
      [
       33.2,
       40.800000000000004
      ],
      [
       35.0,
       40.800000000000004
      ],
      [
       35.0,
       42.00000000000001
      ],
      [
       33.2,
       42.00000000000001
      ],
      [
       33.2,
       40.800000000000004
      ]
     ]
    ]
   }
  },
  {
   "type": "Feature",
   "id": "gondola_r07_b15",
   "properties": {
    "kind": "gondola",
    "material": "gondola",
    "z0_m": 0.0,
    "z1_m": 2.0,
    "zone": "sales_floor",
    "provenance": "assumed: parametric fit-out"
   },
   "geometry": {
    "type": "Polygon",
    "coordinates": [
     [
      [
       35.0,
       40.800000000000004
      ],
      [
       36.8,
       40.800000000000004
      ],
      [
       36.8,
       42.00000000000001
      ],
      [
       35.0,
       42.00000000000001
      ],
      [
       35.0,
       40.800000000000004
      ]
     ]
    ]
   }
  },
  {
   "type": "Feature",
   "id": "gondola_r07_b16",
   "properties": {
    "kind": "gondola",
    "material": "gondola",
    "z0_m": 0.0,
    "z1_m": 2.0,
    "zone": "sales_floor",
    "provenance": "assumed: parametric fit-out"
   },
   "geometry": {
    "type": "Polygon",
    "coordinates": [
     [
      [
       36.800000000000004,
       40.800000000000004
      ],
      [
       38.6,
       40.800000000000004
      ],
      [
       38.6,
       42.00000000000001
      ],
      [
       36.800000000000004,
       42.00000000000001
      ],
      [
       36.800000000000004,
       40.800000000000004
      ]
     ]
    ]
   }
  },
  {
   "type": "Feature",
   "id": "gondola_r07_b17",
   "properties": {
    "kind": "gondola",
    "material": "gondola",
    "z0_m": 0.0,
    "z1_m": 2.0,
    "zone": "sales_floor",
    "provenance": "assumed: parametric fit-out"
   },
   "geometry": {
    "type": "Polygon",
    "coordinates": [
     [
      [
       38.6,
       40.800000000000004
      ],
      [
       40.4,
       40.800000000000004
      ],
      [
       40.4,
       42.00000000000001
      ],
      [
       38.6,
       42.00000000000001
      ],
      [
       38.6,
       40.800000000000004
      ]
     ]
    ]
   }
  },
  {
   "type": "Feature",
   "id": "gondola_r07_b18",
   "properties": {
    "kind": "gondola",
    "material": "gondola",
    "z0_m": 0.0,
    "z1_m": 2.0,
    "zone": "sales_floor",
    "provenance": "assumed: parametric fit-out"
   },
   "geometry": {
    "type": "Polygon",
    "coordinates": [
     [
      [
       40.4,
       40.800000000000004
      ],
      [
       42.199999999999996,
       40.800000000000004
      ],
      [
       42.199999999999996,
       42.00000000000001
      ],
      [
       40.4,
       42.00000000000001
      ],
      [
       40.4,
       40.800000000000004
      ]
     ]
    ]
   }
  },
  {
   "type": "Feature",
   "id": "gondola_r08_b00",
   "properties": {
    "kind": "gondola",
    "material": "gondola",
    "z0_m": 0.0,
    "z1_m": 2.0,
    "zone": "sales_floor",
    "provenance": "assumed: parametric fit-out"
   },
   "geometry": {
    "type": "Polygon",
    "coordinates": [
     [
      [
       8.0,
       45.6
      ],
      [
       9.8,
       45.6
      ],
      [
       9.8,
       46.800000000000004
      ],
      [
       8.0,
       46.800000000000004
      ],
      [
       8.0,
       45.6
      ]
     ]
    ]
   }
  },
  {
   "type": "Feature",
   "id": "gondola_r08_b01",
   "properties": {
    "kind": "gondola",
    "material": "gondola",
    "z0_m": 0.0,
    "z1_m": 2.0,
    "zone": "sales_floor",
    "provenance": "assumed: parametric fit-out"
   },
   "geometry": {
    "type": "Polygon",
    "coordinates": [
     [
      [
       9.8,
       45.6
      ],
      [
       11.600000000000001,
       45.6
      ],
      [
       11.600000000000001,
       46.800000000000004
      ],
      [
       9.8,
       46.800000000000004
      ],
      [
       9.8,
       45.6
      ]
     ]
    ]
   }
  },
  {
   "type": "Feature",
   "id": "gondola_r08_b02",
   "properties": {
    "kind": "gondola",
    "material": "gondola",
    "z0_m": 0.0,
    "z1_m": 2.0,
    "zone": "sales_floor",
    "provenance": "assumed: parametric fit-out"
   },
   "geometry": {
    "type": "Polygon",
    "coordinates": [
     [
      [
       11.6,
       45.6
      ],
      [
       13.4,
       45.6
      ],
      [
       13.4,
       46.800000000000004
      ],
      [
       11.6,
       46.800000000000004
      ],
      [
       11.6,
       45.6
      ]
     ]
    ]
   }
  },
  {
   "type": "Feature",
   "id": "gondola_r08_b03",
   "properties": {
    "kind": "gondola",
    "material": "gondola",
    "z0_m": 0.0,
    "z1_m": 2.0,
    "zone": "sales_floor",
    "provenance": "assumed: parametric fit-out"
   },
   "geometry": {
    "type": "Polygon",
    "coordinates": [
     [
      [
       13.4,
       45.6
      ],
      [
       15.200000000000001,
       45.6
      ],
      [
       15.200000000000001,
       46.800000000000004
      ],
      [
       13.4,
       46.800000000000004
      ],
      [
       13.4,
       45.6
      ]
     ]
    ]
   }
  },
  {
   "type": "Feature",
   "id": "gondola_r08_b04",
   "properties": {
    "kind": "gondola",
    "material": "gondola",
    "z0_m": 0.0,
    "z1_m": 2.0,
    "zone": "sales_floor",
    "provenance": "assumed: parametric fit-out"
   },
   "geometry": {
    "type": "Polygon",
    "coordinates": [
     [
      [
       15.200000000000001,
       45.6
      ],
      [
       17.0,
       45.6
      ],
      [
       17.0,
       46.800000000000004
      ],
      [
       15.200000000000001,
       46.800000000000004
      ],
      [
       15.200000000000001,
       45.6
      ]
     ]
    ]
   }
  },
  {
   "type": "Feature",
   "id": "gondola_r08_b05",
   "properties": {
    "kind": "gondola",
    "material": "gondola",
    "z0_m": 0.0,
    "z1_m": 2.0,
    "zone": "sales_floor",
    "provenance": "assumed: parametric fit-out"
   },
   "geometry": {
    "type": "Polygon",
    "coordinates": [
     [
      [
       17.0,
       45.6
      ],
      [
       18.799999999999997,
       45.6
      ],
      [
       18.799999999999997,
       46.800000000000004
      ],
      [
       17.0,
       46.800000000000004
      ],
      [
       17.0,
       45.6
      ]
     ]
    ]
   }
  },
  {
   "type": "Feature",
   "id": "gondola_r08_b06",
   "properties": {
    "kind": "gondola",
    "material": "gondola",
    "z0_m": 0.0,
    "z1_m": 2.0,
    "zone": "sales_floor",
    "provenance": "assumed: parametric fit-out"
   },
   "geometry": {
    "type": "Polygon",
    "coordinates": [
     [
      [
       18.800000000000004,
       45.6
      ],
      [
       20.6,
       45.6
      ],
      [
       20.6,
       46.800000000000004
      ],
      [
       18.800000000000004,
       46.800000000000004
      ],
      [
       18.800000000000004,
       45.6
      ]
     ]
    ]
   }
  },
  {
   "type": "Feature",
   "id": "gondola_r08_b07",
   "properties": {
    "kind": "gondola",
    "material": "gondola",
    "z0_m": 0.0,
    "z1_m": 2.0,
    "zone": "sales_floor",
    "provenance": "assumed: parametric fit-out"
   },
   "geometry": {
    "type": "Polygon",
    "coordinates": [
     [
      [
       20.6,
       45.6
      ],
      [
       22.4,
       45.6
      ],
      [
       22.4,
       46.800000000000004
      ],
      [
       20.6,
       46.800000000000004
      ],
      [
       20.6,
       45.6
      ]
     ]
    ]
   }
  },
  {
   "type": "Feature",
   "id": "gondola_r08_b08",
   "properties": {
    "kind": "gondola",
    "material": "gondola",
    "z0_m": 0.0,
    "z1_m": 2.0,
    "zone": "sales_floor",
    "provenance": "assumed: parametric fit-out"
   },
   "geometry": {
    "type": "Polygon",
    "coordinates": [
     [
      [
       22.400000000000002,
       45.6
      ],
      [
       24.2,
       45.6
      ],
      [
       24.2,
       46.800000000000004
      ],
      [
       22.400000000000002,
       46.800000000000004
      ],
      [
       22.400000000000002,
       45.6
      ]
     ]
    ]
   }
  },
  {
   "type": "Feature",
   "id": "gondola_r08_b09",
   "properties": {
    "kind": "gondola",
    "material": "gondola",
    "z0_m": 0.0,
    "z1_m": 2.0,
    "zone": "sales_floor",
    "provenance": "assumed: parametric fit-out"
   },
   "geometry": {
    "type": "Polygon",
    "coordinates": [
     [
      [
       24.200000000000003,
       45.6
      ],
      [
       26.0,
       45.6
      ],
      [
       26.0,
       46.800000000000004
      ],
      [
       24.200000000000003,
       46.800000000000004
      ],
      [
       24.200000000000003,
       45.6
      ]
     ]
    ]
   }
  },
  {
   "type": "Feature",
   "id": "gondola_r08_b10",
   "properties": {
    "kind": "gondola",
    "material": "gondola",
    "z0_m": 0.0,
    "z1_m": 2.0,
    "zone": "sales_floor",
    "provenance": "assumed: parametric fit-out"
   },
   "geometry": {
    "type": "Polygon",
    "coordinates": [
     [
      [
       26.0,
       45.6
      ],
      [
       27.799999999999997,
       45.6
      ],
      [
       27.799999999999997,
       46.800000000000004
      ],
      [
       26.0,
       46.800000000000004
      ],
      [
       26.0,
       45.6
      ]
     ]
    ]
   }
  },
  {
   "type": "Feature",
   "id": "gondola_r08_b11",
   "properties": {
    "kind": "gondola",
    "material": "gondola",
    "z0_m": 0.0,
    "z1_m": 2.0,
    "zone": "sales_floor",
    "provenance": "assumed: parametric fit-out"
   },
   "geometry": {
    "type": "Polygon",
    "coordinates": [
     [
      [
       27.800000000000004,
       45.6
      ],
      [
       29.6,
       45.6
      ],
      [
       29.6,
       46.800000000000004
      ],
      [
       27.800000000000004,
       46.800000000000004
      ],
      [
       27.800000000000004,
       45.6
      ]
     ]
    ]
   }
  },
  {
   "type": "Feature",
   "id": "gondola_r08_b12",
   "properties": {
    "kind": "gondola",
    "material": "gondola",
    "z0_m": 0.0,
    "z1_m": 2.0,
    "zone": "sales_floor",
    "provenance": "assumed: parametric fit-out"
   },
   "geometry": {
    "type": "Polygon",
    "coordinates": [
     [
      [
       29.6,
       45.6
      ],
      [
       31.4,
       45.6
      ],
      [
       31.4,
       46.800000000000004
      ],
      [
       29.6,
       46.800000000000004
      ],
      [
       29.6,
       45.6
      ]
     ]
    ]
   }
  },
  {
   "type": "Feature",
   "id": "gondola_r08_b13",
   "properties": {
    "kind": "gondola",
    "material": "gondola",
    "z0_m": 0.0,
    "z1_m": 2.0,
    "zone": "sales_floor",
    "provenance": "assumed: parametric fit-out"
   },
   "geometry": {
    "type": "Polygon",
    "coordinates": [
     [
      [
       31.400000000000006,
       45.6
      ],
      [
       33.2,
       45.6
      ],
      [
       33.2,
       46.800000000000004
      ],
      [
       31.400000000000006,
       46.800000000000004
      ],
      [
       31.400000000000006,
       45.6
      ]
     ]
    ]
   }
  },
  {
   "type": "Feature",
   "id": "gondola_r08_b14",
   "properties": {
    "kind": "gondola",
    "material": "gondola",
    "z0_m": 0.0,
    "z1_m": 2.0,
    "zone": "sales_floor",
    "provenance": "assumed: parametric fit-out"
   },
   "geometry": {
    "type": "Polygon",
    "coordinates": [
     [
      [
       33.2,
       45.6
      ],
      [
       35.0,
       45.6
      ],
      [
       35.0,
       46.800000000000004
      ],
      [
       33.2,
       46.800000000000004
      ],
      [
       33.2,
       45.6
      ]
     ]
    ]
   }
  },
  {
   "type": "Feature",
   "id": "gondola_r08_b15",
   "properties": {
    "kind": "gondola",
    "material": "gondola",
    "z0_m": 0.0,
    "z1_m": 2.0,
    "zone": "sales_floor",
    "provenance": "assumed: parametric fit-out"
   },
   "geometry": {
    "type": "Polygon",
    "coordinates": [
     [
      [
       35.0,
       45.6
      ],
      [
       36.8,
       45.6
      ],
      [
       36.8,
       46.800000000000004
      ],
      [
       35.0,
       46.800000000000004
      ],
      [
       35.0,
       45.6
      ]
     ]
    ]
   }
  },
  {
   "type": "Feature",
   "id": "gondola_r08_b16",
   "properties": {
    "kind": "gondola",
    "material": "gondola",
    "z0_m": 0.0,
    "z1_m": 2.0,
    "zone": "sales_floor",
    "provenance": "assumed: parametric fit-out"
   },
   "geometry": {
    "type": "Polygon",
    "coordinates": [
     [
      [
       36.800000000000004,
       45.6
      ],
      [
       38.6,
       45.6
      ],
      [
       38.6,
       46.800000000000004
      ],
      [
       36.800000000000004,
       46.800000000000004
      ],
      [
       36.800000000000004,
       45.6
      ]
     ]
    ]
   }
  },
  {
   "type": "Feature",
   "id": "gondola_r08_b17",
   "properties": {
    "kind": "gondola",
    "material": "gondola",
    "z0_m": 0.0,
    "z1_m": 2.0,
    "zone": "sales_floor",
    "provenance": "assumed: parametric fit-out"
   },
   "geometry": {
    "type": "Polygon",
    "coordinates": [
     [
      [
       38.6,
       45.6
      ],
      [
       40.4,
       45.6
      ],
      [
       40.4,
       46.800000000000004
      ],
      [
       38.6,
       46.800000000000004
      ],
      [
       38.6,
       45.6
      ]
     ]
    ]
   }
  },
  {
   "type": "Feature",
   "id": "gondola_r08_b18",
   "properties": {
    "kind": "gondola",
    "material": "gondola",
    "z0_m": 0.0,
    "z1_m": 2.0,
    "zone": "sales_floor",
    "provenance": "assumed: parametric fit-out"
   },
   "geometry": {
    "type": "Polygon",
    "coordinates": [
     [
      [
       40.4,
       45.6
      ],
      [
       42.199999999999996,
       45.6
      ],
      [
       42.199999999999996,
       46.800000000000004
      ],
      [
       40.4,
       46.800000000000004
      ],
      [
       40.4,
       45.6
      ]
     ]
    ]
   }
  },
  {
   "type": "Feature",
   "id": "column_00",
   "properties": {
    "kind": "column",
    "material": "column",
    "z0_m": 0.0,
    "z1_m": 6.4,
    "zone": "sales_floor",
    "provenance": "assumed: 8 m structural grid"
   },
   "geometry": {
    "type": "Polygon",
    "coordinates": [
     [
      [
       3.8,
       3.8
      ],
      [
       4.2,
       3.8
      ],
      [
       4.2,
       4.2
      ],
      [
       3.8,
       4.2
      ],
      [
       3.8,
       3.8
      ]
     ]
    ]
   }
  },
  {
   "type": "Feature",
   "id": "column_01",
   "properties": {
    "kind": "column",
    "material": "column",
    "z0_m": 0.0,
    "z1_m": 6.4,
    "zone": "sales_floor",
    "provenance": "assumed: 8 m structural grid"
   },
   "geometry": {
    "type": "Polygon",
    "coordinates": [
     [
      [
       3.8,
       11.8
      ],
      [
       4.2,
       11.8
      ],
      [
       4.2,
       12.2
      ],
      [
       3.8,
       12.2
      ],
      [
       3.8,
       11.8
      ]
     ]
    ]
   }
  },
  {
   "type": "Feature",
   "id": "column_02",
   "properties": {
    "kind": "column",
    "material": "column",
    "z0_m": 0.0,
    "z1_m": 6.4,
    "zone": "sales_floor",
    "provenance": "assumed: 8 m structural grid"
   },
   "geometry": {
    "type": "Polygon",
    "coordinates": [
     [
      [
       3.8,
       19.8
      ],
      [
       4.2,
       19.8
      ],
      [
       4.2,
       20.2
      ],
      [
       3.8,
       20.2
      ],
      [
       3.8,
       19.8
      ]
     ]
    ]
   }
  },
  {
   "type": "Feature",
   "id": "column_03",
   "properties": {
    "kind": "column",
    "material": "column",
    "z0_m": 0.0,
    "z1_m": 6.4,
    "zone": "sales_floor",
    "provenance": "assumed: 8 m structural grid"
   },
   "geometry": {
    "type": "Polygon",
    "coordinates": [
     [
      [
       3.8,
       27.8
      ],
      [
       4.2,
       27.8
      ],
      [
       4.2,
       28.2
      ],
      [
       3.8,
       28.2
      ],
      [
       3.8,
       27.8
      ]
     ]
    ]
   }
  },
  {
   "type": "Feature",
   "id": "column_04",
   "properties": {
    "kind": "column",
    "material": "column",
    "z0_m": 0.0,
    "z1_m": 6.4,
    "zone": "sales_floor",
    "provenance": "assumed: 8 m structural grid"
   },
   "geometry": {
    "type": "Polygon",
    "coordinates": [
     [
      [
       3.8,
       35.8
      ],
      [
       4.2,
       35.8
      ],
      [
       4.2,
       36.2
      ],
      [
       3.8,
       36.2
      ],
      [
       3.8,
       35.8
      ]
     ]
    ]
   }
  },
  {
   "type": "Feature",
   "id": "column_05",
   "properties": {
    "kind": "column",
    "material": "column",
    "z0_m": 0.0,
    "z1_m": 6.4,
    "zone": "sales_floor",
    "provenance": "assumed: 8 m structural grid"
   },
   "geometry": {
    "type": "Polygon",
    "coordinates": [
     [
      [
       3.8,
       43.8
      ],
      [
       4.2,
       43.8
      ],
      [
       4.2,
       44.2
      ],
      [
       3.8,
       44.2
      ],
      [
       3.8,
       43.8
      ]
     ]
    ]
   }
  },
  {
   "type": "Feature",
   "id": "column_06",
   "properties": {
    "kind": "column",
    "material": "column",
    "z0_m": 0.0,
    "z1_m": 6.4,
    "zone": "sales_floor",
    "provenance": "assumed: 8 m structural grid"
   },
   "geometry": {
    "type": "Polygon",
    "coordinates": [
     [
      [
       3.8,
       51.8
      ],
      [
       4.2,
       51.8
      ],
      [
       4.2,
       52.2
      ],
      [
       3.8,
       52.2
      ],
      [
       3.8,
       51.8
      ]
     ]
    ]
   }
  },
  {
   "type": "Feature",
   "id": "column_07",
   "properties": {
    "kind": "column",
    "material": "column",
    "z0_m": 0.0,
    "z1_m": 6.4,
    "zone": "sales_floor",
    "provenance": "assumed: 8 m structural grid"
   },
   "geometry": {
    "type": "Polygon",
    "coordinates": [
     [
      [
       11.8,
       3.8
      ],
      [
       12.2,
       3.8
      ],
      [
       12.2,
       4.2
      ],
      [
       11.8,
       4.2
      ],
      [
       11.8,
       3.8
      ]
     ]
    ]
   }
  },
  {
   "type": "Feature",
   "id": "column_08",
   "properties": {
    "kind": "column",
    "material": "column",
    "z0_m": 0.0,
    "z1_m": 6.4,
    "zone": "sales_floor",
    "provenance": "assumed: 8 m structural grid"
   },
   "geometry": {
    "type": "Polygon",
    "coordinates": [
     [
      [
       11.8,
       11.8
      ],
      [
       12.2,
       11.8
      ],
      [
       12.2,
       12.2
      ],
      [
       11.8,
       12.2
      ],
      [
       11.8,
       11.8
      ]
     ]
    ]
   }
  },
  {
   "type": "Feature",
   "id": "column_09",
   "properties": {
    "kind": "column",
    "material": "column",
    "z0_m": 0.0,
    "z1_m": 6.4,
    "zone": "sales_floor",
    "provenance": "assumed: 8 m structural grid"
   },
   "geometry": {
    "type": "Polygon",
    "coordinates": [
     [
      [
       11.8,
       19.8
      ],
      [
       12.2,
       19.8
      ],
      [
       12.2,
       20.2
      ],
      [
       11.8,
       20.2
      ],
      [
       11.8,
       19.8
      ]
     ]
    ]
   }
  },
  {
   "type": "Feature",
   "id": "column_10",
   "properties": {
    "kind": "column",
    "material": "column",
    "z0_m": 0.0,
    "z1_m": 6.4,
    "zone": "sales_floor",
    "provenance": "assumed: 8 m structural grid"
   },
   "geometry": {
    "type": "Polygon",
    "coordinates": [
     [
      [
       11.8,
       27.8
      ],
      [
       12.2,
       27.8
      ],
      [
       12.2,
       28.2
      ],
      [
       11.8,
       28.2
      ],
      [
       11.8,
       27.8
      ]
     ]
    ]
   }
  },
  {
   "type": "Feature",
   "id": "column_11",
   "properties": {
    "kind": "column",
    "material": "column",
    "z0_m": 0.0,
    "z1_m": 6.4,
    "zone": "sales_floor",
    "provenance": "assumed: 8 m structural grid"
   },
   "geometry": {
    "type": "Polygon",
    "coordinates": [
     [
      [
       11.8,
       35.8
      ],
      [
       12.2,
       35.8
      ],
      [
       12.2,
       36.2
      ],
      [
       11.8,
       36.2
      ],
      [
       11.8,
       35.8
      ]
     ]
    ]
   }
  },
  {
   "type": "Feature",
   "id": "column_12",
   "properties": {
    "kind": "column",
    "material": "column",
    "z0_m": 0.0,
    "z1_m": 6.4,
    "zone": "sales_floor",
    "provenance": "assumed: 8 m structural grid"
   },
   "geometry": {
    "type": "Polygon",
    "coordinates": [
     [
      [
       11.8,
       43.8
      ],
      [
       12.2,
       43.8
      ],
      [
       12.2,
       44.2
      ],
      [
       11.8,
       44.2
      ],
      [
       11.8,
       43.8
      ]
     ]
    ]
   }
  },
  {
   "type": "Feature",
   "id": "column_13",
   "properties": {
    "kind": "column",
    "material": "column",
    "z0_m": 0.0,
    "z1_m": 6.4,
    "zone": "sales_floor",
    "provenance": "assumed: 8 m structural grid"
   },
   "geometry": {
    "type": "Polygon",
    "coordinates": [
     [
      [
       11.8,
       51.8
      ],
      [
       12.2,
       51.8
      ],
      [
       12.2,
       52.2
      ],
      [
       11.8,
       52.2
      ],
      [
       11.8,
       51.8
      ]
     ]
    ]
   }
  },
  {
   "type": "Feature",
   "id": "column_14",
   "properties": {
    "kind": "column",
    "material": "column",
    "z0_m": 0.0,
    "z1_m": 6.4,
    "zone": "sales_floor",
    "provenance": "assumed: 8 m structural grid"
   },
   "geometry": {
    "type": "Polygon",
    "coordinates": [
     [
      [
       19.8,
       3.8
      ],
      [
       20.2,
       3.8
      ],
      [
       20.2,
       4.2
      ],
      [
       19.8,
       4.2
      ],
      [
       19.8,
       3.8
      ]
     ]
    ]
   }
  },
  {
   "type": "Feature",
   "id": "column_15",
   "properties": {
    "kind": "column",
    "material": "column",
    "z0_m": 0.0,
    "z1_m": 6.4,
    "zone": "sales_floor",
    "provenance": "assumed: 8 m structural grid"
   },
   "geometry": {
    "type": "Polygon",
    "coordinates": [
     [
      [
       19.8,
       11.8
      ],
      [
       20.2,
       11.8
      ],
      [
       20.2,
       12.2
      ],
      [
       19.8,
       12.2
      ],
      [
       19.8,
       11.8
      ]
     ]
    ]
   }
  },
  {
   "type": "Feature",
   "id": "column_16",
   "properties": {
    "kind": "column",
    "material": "column",
    "z0_m": 0.0,
    "z1_m": 6.4,
    "zone": "sales_floor",
    "provenance": "assumed: 8 m structural grid"
   },
   "geometry": {
    "type": "Polygon",
    "coordinates": [
     [
      [
       19.8,
       19.8
      ],
      [
       20.2,
       19.8
      ],
      [
       20.2,
       20.2
      ],
      [
       19.8,
       20.2
      ],
      [
       19.8,
       19.8
      ]
     ]
    ]
   }
  },
  {
   "type": "Feature",
   "id": "column_17",
   "properties": {
    "kind": "column",
    "material": "column",
    "z0_m": 0.0,
    "z1_m": 6.4,
    "zone": "sales_floor",
    "provenance": "assumed: 8 m structural grid"
   },
   "geometry": {
    "type": "Polygon",
    "coordinates": [
     [
      [
       19.8,
       27.8
      ],
      [
       20.2,
       27.8
      ],
      [
       20.2,
       28.2
      ],
      [
       19.8,
       28.2
      ],
      [
       19.8,
       27.8
      ]
     ]
    ]
   }
  },
  {
   "type": "Feature",
   "id": "column_18",
   "properties": {
    "kind": "column",
    "material": "column",
    "z0_m": 0.0,
    "z1_m": 6.4,
    "zone": "sales_floor",
    "provenance": "assumed: 8 m structural grid"
   },
   "geometry": {
    "type": "Polygon",
    "coordinates": [
     [
      [
       19.8,
       35.8
      ],
      [
       20.2,
       35.8
      ],
      [
       20.2,
       36.2
      ],
      [
       19.8,
       36.2
      ],
      [
       19.8,
       35.8
      ]
     ]
    ]
   }
  },
  {
   "type": "Feature",
   "id": "column_19",
   "properties": {
    "kind": "column",
    "material": "column",
    "z0_m": 0.0,
    "z1_m": 6.4,
    "zone": "sales_floor",
    "provenance": "assumed: 8 m structural grid"
   },
   "geometry": {
    "type": "Polygon",
    "coordinates": [
     [
      [
       19.8,
       43.8
      ],
      [
       20.2,
       43.8
      ],
      [
       20.2,
       44.2
      ],
      [
       19.8,
       44.2
      ],
      [
       19.8,
       43.8
      ]
     ]
    ]
   }
  },
  {
   "type": "Feature",
   "id": "column_20",
   "properties": {
    "kind": "column",
    "material": "column",
    "z0_m": 0.0,
    "z1_m": 6.4,
    "zone": "sales_floor",
    "provenance": "assumed: 8 m structural grid"
   },
   "geometry": {
    "type": "Polygon",
    "coordinates": [
     [
      [
       19.8,
       51.8
      ],
      [
       20.2,
       51.8
      ],
      [
       20.2,
       52.2
      ],
      [
       19.8,
       52.2
      ],
      [
       19.8,
       51.8
      ]
     ]
    ]
   }
  },
  {
   "type": "Feature",
   "id": "column_21",
   "properties": {
    "kind": "column",
    "material": "column",
    "z0_m": 0.0,
    "z1_m": 6.4,
    "zone": "sales_floor",
    "provenance": "assumed: 8 m structural grid"
   },
   "geometry": {
    "type": "Polygon",
    "coordinates": [
     [
      [
       27.8,
       3.8
      ],
      [
       28.2,
       3.8
      ],
      [
       28.2,
       4.2
      ],
      [
       27.8,
       4.2
      ],
      [
       27.8,
       3.8
      ]
     ]
    ]
   }
  },
  {
   "type": "Feature",
   "id": "column_22",
   "properties": {
    "kind": "column",
    "material": "column",
    "z0_m": 0.0,
    "z1_m": 6.4,
    "zone": "sales_floor",
    "provenance": "assumed: 8 m structural grid"
   },
   "geometry": {
    "type": "Polygon",
    "coordinates": [
     [
      [
       27.8,
       11.8
      ],
      [
       28.2,
       11.8
      ],
      [
       28.2,
       12.2
      ],
      [
       27.8,
       12.2
      ],
      [
       27.8,
       11.8
      ]
     ]
    ]
   }
  },
  {
   "type": "Feature",
   "id": "column_23",
   "properties": {
    "kind": "column",
    "material": "column",
    "z0_m": 0.0,
    "z1_m": 6.4,
    "zone": "sales_floor",
    "provenance": "assumed: 8 m structural grid"
   },
   "geometry": {
    "type": "Polygon",
    "coordinates": [
     [
      [
       27.8,
       19.8
      ],
      [
       28.2,
       19.8
      ],
      [
       28.2,
       20.2
      ],
      [
       27.8,
       20.2
      ],
      [
       27.8,
       19.8
      ]
     ]
    ]
   }
  },
  {
   "type": "Feature",
   "id": "column_24",
   "properties": {
    "kind": "column",
    "material": "column",
    "z0_m": 0.0,
    "z1_m": 6.4,
    "zone": "sales_floor",
    "provenance": "assumed: 8 m structural grid"
   },
   "geometry": {
    "type": "Polygon",
    "coordinates": [
     [
      [
       27.8,
       27.8
      ],
      [
       28.2,
       27.8
      ],
      [
       28.2,
       28.2
      ],
      [
       27.8,
       28.2
      ],
      [
       27.8,
       27.8
      ]
     ]
    ]
   }
  },
  {
   "type": "Feature",
   "id": "column_25",
   "properties": {
    "kind": "column",
    "material": "column",
    "z0_m": 0.0,
    "z1_m": 6.4,
    "zone": "sales_floor",
    "provenance": "assumed: 8 m structural grid"
   },
   "geometry": {
    "type": "Polygon",
    "coordinates": [
     [
      [
       27.8,
       35.8
      ],
      [
       28.2,
       35.8
      ],
      [
       28.2,
       36.2
      ],
      [
       27.8,
       36.2
      ],
      [
       27.8,
       35.8
      ]
     ]
    ]
   }
  },
  {
   "type": "Feature",
   "id": "column_26",
   "properties": {
    "kind": "column",
    "material": "column",
    "z0_m": 0.0,
    "z1_m": 6.4,
    "zone": "sales_floor",
    "provenance": "assumed: 8 m structural grid"
   },
   "geometry": {
    "type": "Polygon",
    "coordinates": [
     [
      [
       27.8,
       43.8
      ],
      [
       28.2,
       43.8
      ],
      [
       28.2,
       44.2
      ],
      [
       27.8,
       44.2
      ],
      [
       27.8,
       43.8
      ]
     ]
    ]
   }
  },
  {
   "type": "Feature",
   "id": "column_27",
   "properties": {
    "kind": "column",
    "material": "column",
    "z0_m": 0.0,
    "z1_m": 6.4,
    "zone": "sales_floor",
    "provenance": "assumed: 8 m structural grid"
   },
   "geometry": {
    "type": "Polygon",
    "coordinates": [
     [
      [
       27.8,
       51.8
      ],
      [
       28.2,
       51.8
      ],
      [
       28.2,
       52.2
      ],
      [
       27.8,
       52.2
      ],
      [
       27.8,
       51.8
      ]
     ]
    ]
   }
  },
  {
   "type": "Feature",
   "id": "column_28",
   "properties": {
    "kind": "column",
    "material": "column",
    "z0_m": 0.0,
    "z1_m": 6.4,
    "zone": "sales_floor",
    "provenance": "assumed: 8 m structural grid"
   },
   "geometry": {
    "type": "Polygon",
    "coordinates": [
     [
      [
       35.8,
       3.8
      ],
      [
       36.2,
       3.8
      ],
      [
       36.2,
       4.2
      ],
      [
       35.8,
       4.2
      ],
      [
       35.8,
       3.8
      ]
     ]
    ]
   }
  },
  {
   "type": "Feature",
   "id": "column_29",
   "properties": {
    "kind": "column",
    "material": "column",
    "z0_m": 0.0,
    "z1_m": 6.4,
    "zone": "sales_floor",
    "provenance": "assumed: 8 m structural grid"
   },
   "geometry": {
    "type": "Polygon",
    "coordinates": [
     [
      [
       35.8,
       11.8
      ],
      [
       36.2,
       11.8
      ],
      [
       36.2,
       12.2
      ],
      [
       35.8,
       12.2
      ],
      [
       35.8,
       11.8
      ]
     ]
    ]
   }
  },
  {
   "type": "Feature",
   "id": "column_30",
   "properties": {
    "kind": "column",
    "material": "column",
    "z0_m": 0.0,
    "z1_m": 6.4,
    "zone": "sales_floor",
    "provenance": "assumed: 8 m structural grid"
   },
   "geometry": {
    "type": "Polygon",
    "coordinates": [
     [
      [
       35.8,
       19.8
      ],
      [
       36.2,
       19.8
      ],
      [
       36.2,
       20.2
      ],
      [
       35.8,
       20.2
      ],
      [
       35.8,
       19.8
      ]
     ]
    ]
   }
  },
  {
   "type": "Feature",
   "id": "column_31",
   "properties": {
    "kind": "column",
    "material": "column",
    "z0_m": 0.0,
    "z1_m": 6.4,
    "zone": "sales_floor",
    "provenance": "assumed: 8 m structural grid"
   },
   "geometry": {
    "type": "Polygon",
    "coordinates": [
     [
      [
       35.8,
       27.8
      ],
      [
       36.2,
       27.8
      ],
      [
       36.2,
       28.2
      ],
      [
       35.8,
       28.2
      ],
      [
       35.8,
       27.8
      ]
     ]
    ]
   }
  },
  {
   "type": "Feature",
   "id": "column_32",
   "properties": {
    "kind": "column",
    "material": "column",
    "z0_m": 0.0,
    "z1_m": 6.4,
    "zone": "sales_floor",
    "provenance": "assumed: 8 m structural grid"
   },
   "geometry": {
    "type": "Polygon",
    "coordinates": [
     [
      [
       35.8,
       35.8
      ],
      [
       36.2,
       35.8
      ],
      [
       36.2,
       36.2
      ],
      [
       35.8,
       36.2
      ],
      [
       35.8,
       35.8
      ]
     ]
    ]
   }
  },
  {
   "type": "Feature",
   "id": "column_33",
   "properties": {
    "kind": "column",
    "material": "column",
    "z0_m": 0.0,
    "z1_m": 6.4,
    "zone": "sales_floor",
    "provenance": "assumed: 8 m structural grid"
   },
   "geometry": {
    "type": "Polygon",
    "coordinates": [
     [
      [
       35.8,
       43.8
      ],
      [
       36.2,
       43.8
      ],
      [
       36.2,
       44.2
      ],
      [
       35.8,
       44.2
      ],
      [
       35.8,
       43.8
      ]
     ]
    ]
   }
  },
  {
   "type": "Feature",
   "id": "column_34",
   "properties": {
    "kind": "column",
    "material": "column",
    "z0_m": 0.0,
    "z1_m": 6.4,
    "zone": "sales_floor",
    "provenance": "assumed: 8 m structural grid"
   },
   "geometry": {
    "type": "Polygon",
    "coordinates": [
     [
      [
       35.8,
       51.8
      ],
      [
       36.2,
       51.8
      ],
      [
       36.2,
       52.2
      ],
      [
       35.8,
       52.2
      ],
      [
       35.8,
       51.8
      ]
     ]
    ]
   }
  },
  {
   "type": "Feature",
   "id": "column_35",
   "properties": {
    "kind": "column",
    "material": "column",
    "z0_m": 0.0,
    "z1_m": 6.4,
    "zone": "sales_floor",
    "provenance": "assumed: 8 m structural grid"
   },
   "geometry": {
    "type": "Polygon",
    "coordinates": [
     [
      [
       43.8,
       3.8
      ],
      [
       44.2,
       3.8
      ],
      [
       44.2,
       4.2
      ],
      [
       43.8,
       4.2
      ],
      [
       43.8,
       3.8
      ]
     ]
    ]
   }
  },
  {
   "type": "Feature",
   "id": "column_36",
   "properties": {
    "kind": "column",
    "material": "column",
    "z0_m": 0.0,
    "z1_m": 6.4,
    "zone": "sales_floor",
    "provenance": "assumed: 8 m structural grid"
   },
   "geometry": {
    "type": "Polygon",
    "coordinates": [
     [
      [
       43.8,
       11.8
      ],
      [
       44.2,
       11.8
      ],
      [
       44.2,
       12.2
      ],
      [
       43.8,
       12.2
      ],
      [
       43.8,
       11.8
      ]
     ]
    ]
   }
  },
  {
   "type": "Feature",
   "id": "column_37",
   "properties": {
    "kind": "column",
    "material": "column",
    "z0_m": 0.0,
    "z1_m": 6.4,
    "zone": "sales_floor",
    "provenance": "assumed: 8 m structural grid"
   },
   "geometry": {
    "type": "Polygon",
    "coordinates": [
     [
      [
       43.8,
       19.8
      ],
      [
       44.2,
       19.8
      ],
      [
       44.2,
       20.2
      ],
      [
       43.8,
       20.2
      ],
      [
       43.8,
       19.8
      ]
     ]
    ]
   }
  },
  {
   "type": "Feature",
   "id": "column_38",
   "properties": {
    "kind": "column",
    "material": "column",
    "z0_m": 0.0,
    "z1_m": 6.4,
    "zone": "sales_floor",
    "provenance": "assumed: 8 m structural grid"
   },
   "geometry": {
    "type": "Polygon",
    "coordinates": [
     [
      [
       43.8,
       27.8
      ],
      [
       44.2,
       27.8
      ],
      [
       44.2,
       28.2
      ],
      [
       43.8,
       28.2
      ],
      [
       43.8,
       27.8
      ]
     ]
    ]
   }
  },
  {
   "type": "Feature",
   "id": "column_39",
   "properties": {
    "kind": "column",
    "material": "column",
    "z0_m": 0.0,
    "z1_m": 6.4,
    "zone": "sales_floor",
    "provenance": "assumed: 8 m structural grid"
   },
   "geometry": {
    "type": "Polygon",
    "coordinates": [
     [
      [
       43.8,
       35.8
      ],
      [
       44.2,
       35.8
      ],
      [
       44.2,
       36.2
      ],
      [
       43.8,
       36.2
      ],
      [
       43.8,
       35.8
      ]
     ]
    ]
   }
  },
  {
   "type": "Feature",
   "id": "column_40",
   "properties": {
    "kind": "column",
    "material": "column",
    "z0_m": 0.0,
    "z1_m": 6.4,
    "zone": "sales_floor",
    "provenance": "assumed: 8 m structural grid"
   },
   "geometry": {
    "type": "Polygon",
    "coordinates": [
     [
      [
       43.8,
       43.8
      ],
      [
       44.2,
       43.8
      ],
      [
       44.2,
       44.2
      ],
      [
       43.8,
       44.2
      ],
      [
       43.8,
       43.8
      ]
     ]
    ]
   }
  },
  {
   "type": "Feature",
   "id": "column_41",
   "properties": {
    "kind": "column",
    "material": "column",
    "z0_m": 0.0,
    "z1_m": 6.4,
    "zone": "sales_floor",
    "provenance": "assumed: 8 m structural grid"
   },
   "geometry": {
    "type": "Polygon",
    "coordinates": [
     [
      [
       43.8,
       51.8
      ],
      [
       44.2,
       51.8
      ],
      [
       44.2,
       52.2
      ],
      [
       43.8,
       52.2
      ],
      [
       43.8,
       51.8
      ]
     ]
    ]
   }
  },
  {
   "type": "Feature",
   "id": "column_42",
   "properties": {
    "kind": "column",
    "material": "column",
    "z0_m": 0.0,
    "z1_m": 6.4,
    "zone": "back_of_house",
    "provenance": "assumed: 8 m structural grid"
   },
   "geometry": {
    "type": "Polygon",
    "coordinates": [
     [
      [
       51.8,
       3.8
      ],
      [
       52.2,
       3.8
      ],
      [
       52.2,
       4.2
      ],
      [
       51.8,
       4.2
      ],
      [
       51.8,
       3.8
      ]
     ]
    ]
   }
  },
  {
   "type": "Feature",
   "id": "column_43",
   "properties": {
    "kind": "column",
    "material": "column",
    "z0_m": 0.0,
    "z1_m": 6.4,
    "zone": "back_of_house",
    "provenance": "assumed: 8 m structural grid"
   },
   "geometry": {
    "type": "Polygon",
    "coordinates": [
     [
      [
       51.8,
       11.8
      ],
      [
       52.2,
       11.8
      ],
      [
       52.2,
       12.2
      ],
      [
       51.8,
       12.2
      ],
      [
       51.8,
       11.8
      ]
     ]
    ]
   }
  },
  {
   "type": "Feature",
   "id": "column_44",
   "properties": {
    "kind": "column",
    "material": "column",
    "z0_m": 0.0,
    "z1_m": 6.4,
    "zone": "back_of_house",
    "provenance": "assumed: 8 m structural grid"
   },
   "geometry": {
    "type": "Polygon",
    "coordinates": [
     [
      [
       51.8,
       19.8
      ],
      [
       52.2,
       19.8
      ],
      [
       52.2,
       20.2
      ],
      [
       51.8,
       20.2
      ],
      [
       51.8,
       19.8
      ]
     ]
    ]
   }
  },
  {
   "type": "Feature",
   "id": "column_45",
   "properties": {
    "kind": "column",
    "material": "column",
    "z0_m": 0.0,
    "z1_m": 6.4,
    "zone": "back_of_house",
    "provenance": "assumed: 8 m structural grid"
   },
   "geometry": {
    "type": "Polygon",
    "coordinates": [
     [
      [
       51.8,
       27.8
      ],
      [
       52.2,
       27.8
      ],
      [
       52.2,
       28.2
      ],
      [
       51.8,
       28.2
      ],
      [
       51.8,
       27.8
      ]
     ]
    ]
   }
  },
  {
   "type": "Feature",
   "id": "column_46",
   "properties": {
    "kind": "column",
    "material": "column",
    "z0_m": 0.0,
    "z1_m": 6.4,
    "zone": "back_of_house",
    "provenance": "assumed: 8 m structural grid"
   },
   "geometry": {
    "type": "Polygon",
    "coordinates": [
     [
      [
       51.8,
       35.8
      ],
      [
       52.2,
       35.8
      ],
      [
       52.2,
       36.2
      ],
      [
       51.8,
       36.2
      ],
      [
       51.8,
       35.8
      ]
     ]
    ]
   }
  },
  {
   "type": "Feature",
   "id": "column_47",
   "properties": {
    "kind": "column",
    "material": "column",
    "z0_m": 0.0,
    "z1_m": 6.4,
    "zone": "back_of_house",
    "provenance": "assumed: 8 m structural grid"
   },
   "geometry": {
    "type": "Polygon",
    "coordinates": [
     [
      [
       51.8,
       43.8
      ],
      [
       52.2,
       43.8
      ],
      [
       52.2,
       44.2
      ],
      [
       51.8,
       44.2
      ],
      [
       51.8,
       43.8
      ]
     ]
    ]
   }
  },
  {
   "type": "Feature",
   "id": "column_48",
   "properties": {
    "kind": "column",
    "material": "column",
    "z0_m": 0.0,
    "z1_m": 6.4,
    "zone": "back_of_house",
    "provenance": "assumed: 8 m structural grid"
   },
   "geometry": {
    "type": "Polygon",
    "coordinates": [
     [
      [
       51.8,
       51.8
      ],
      [
       52.2,
       51.8
      ],
      [
       52.2,
       52.2
      ],
      [
       51.8,
       52.2
      ],
      [
       51.8,
       51.8
      ]
     ]
    ]
   }
  },
  {
   "type": "Feature",
   "id": "column_49",
   "properties": {
    "kind": "column",
    "material": "column",
    "z0_m": 0.0,
    "z1_m": 6.4,
    "zone": "back_of_house",
    "provenance": "assumed: 8 m structural grid"
   },
   "geometry": {
    "type": "Polygon",
    "coordinates": [
     [
      [
       59.8,
       3.8
      ],
      [
       60.2,
       3.8
      ],
      [
       60.2,
       4.2
      ],
      [
       59.8,
       4.2
      ],
      [
       59.8,
       3.8
      ]
     ]
    ]
   }
  },
  {
   "type": "Feature",
   "id": "column_50",
   "properties": {
    "kind": "column",
    "material": "column",
    "z0_m": 0.0,
    "z1_m": 6.4,
    "zone": "back_of_house",
    "provenance": "assumed: 8 m structural grid"
   },
   "geometry": {
    "type": "Polygon",
    "coordinates": [
     [
      [
       59.8,
       11.8
      ],
      [
       60.2,
       11.8
      ],
      [
       60.2,
       12.2
      ],
      [
       59.8,
       12.2
      ],
      [
       59.8,
       11.8
      ]
     ]
    ]
   }
  },
  {
   "type": "Feature",
   "id": "column_51",
   "properties": {
    "kind": "column",
    "material": "column",
    "z0_m": 0.0,
    "z1_m": 6.4,
    "zone": "back_of_house",
    "provenance": "assumed: 8 m structural grid"
   },
   "geometry": {
    "type": "Polygon",
    "coordinates": [
     [
      [
       59.8,
       19.8
      ],
      [
       60.2,
       19.8
      ],
      [
       60.2,
       20.2
      ],
      [
       59.8,
       20.2
      ],
      [
       59.8,
       19.8
      ]
     ]
    ]
   }
  },
  {
   "type": "Feature",
   "id": "column_52",
   "properties": {
    "kind": "column",
    "material": "column",
    "z0_m": 0.0,
    "z1_m": 6.4,
    "zone": "back_of_house",
    "provenance": "assumed: 8 m structural grid"
   },
   "geometry": {
    "type": "Polygon",
    "coordinates": [
     [
      [
       59.8,
       27.8
      ],
      [
       60.2,
       27.8
      ],
      [
       60.2,
       28.2
      ],
      [
       59.8,
       28.2
      ],
      [
       59.8,
       27.8
      ]
     ]
    ]
   }
  },
  {
   "type": "Feature",
   "id": "column_53",
   "properties": {
    "kind": "column",
    "material": "column",
    "z0_m": 0.0,
    "z1_m": 6.4,
    "zone": "back_of_house",
    "provenance": "assumed: 8 m structural grid"
   },
   "geometry": {
    "type": "Polygon",
    "coordinates": [
     [
      [
       59.8,
       35.8
      ],
      [
       60.2,
       35.8
      ],
      [
       60.2,
       36.2
      ],
      [
       59.8,
       36.2
      ],
      [
       59.8,
       35.8
      ]
     ]
    ]
   }
  },
  {
   "type": "Feature",
   "id": "column_54",
   "properties": {
    "kind": "column",
    "material": "column",
    "z0_m": 0.0,
    "z1_m": 6.4,
    "zone": "back_of_house",
    "provenance": "assumed: 8 m structural grid"
   },
   "geometry": {
    "type": "Polygon",
    "coordinates": [
     [
      [
       59.8,
       43.8
      ],
      [
       60.2,
       43.8
      ],
      [
       60.2,
       44.2
      ],
      [
       59.8,
       44.2
      ],
      [
       59.8,
       43.8
      ]
     ]
    ]
   }
  },
  {
   "type": "Feature",
   "id": "column_55",
   "properties": {
    "kind": "column",
    "material": "column",
    "z0_m": 0.0,
    "z1_m": 6.4,
    "zone": "back_of_house",
    "provenance": "assumed: 8 m structural grid"
   },
   "geometry": {
    "type": "Polygon",
    "coordinates": [
     [
      [
       59.8,
       51.8
      ],
      [
       60.2,
       51.8
      ],
      [
       60.2,
       52.2
      ],
      [
       59.8,
       52.2
      ],
      [
       59.8,
       51.8
      ]
     ]
    ]
   }
  },
  {
   "type": "Feature",
   "id": "column_56",
   "properties": {
    "kind": "column",
    "material": "column",
    "z0_m": 0.0,
    "z1_m": 6.4,
    "zone": "back_of_house",
    "provenance": "assumed: 8 m structural grid"
   },
   "geometry": {
    "type": "Polygon",
    "coordinates": [
     [
      [
       67.8,
       11.8
      ],
      [
       68.2,
       11.8
      ],
      [
       68.2,
       12.2
      ],
      [
       67.8,
       12.2
      ],
      [
       67.8,
       11.8
      ]
     ]
    ]
   }
  },
  {
   "type": "Feature",
   "id": "column_57",
   "properties": {
    "kind": "column",
    "material": "column",
    "z0_m": 0.0,
    "z1_m": 6.4,
    "zone": "back_of_house",
    "provenance": "assumed: 8 m structural grid"
   },
   "geometry": {
    "type": "Polygon",
    "coordinates": [
     [
      [
       67.8,
       19.8
      ],
      [
       68.2,
       19.8
      ],
      [
       68.2,
       20.2
      ],
      [
       67.8,
       20.2
      ],
      [
       67.8,
       19.8
      ]
     ]
    ]
   }
  },
  {
   "type": "Feature",
   "id": "column_58",
   "properties": {
    "kind": "column",
    "material": "column",
    "z0_m": 0.0,
    "z1_m": 6.4,
    "zone": "back_of_house",
    "provenance": "assumed: 8 m structural grid"
   },
   "geometry": {
    "type": "Polygon",
    "coordinates": [
     [
      [
       67.8,
       27.8
      ],
      [
       68.2,
       27.8
      ],
      [
       68.2,
       28.2
      ],
      [
       67.8,
       28.2
      ],
      [
       67.8,
       27.8
      ]
     ]
    ]
   }
  },
  {
   "type": "Feature",
   "id": "column_59",
   "properties": {
    "kind": "column",
    "material": "column",
    "z0_m": 0.0,
    "z1_m": 6.4,
    "zone": "back_of_house",
    "provenance": "assumed: 8 m structural grid"
   },
   "geometry": {
    "type": "Polygon",
    "coordinates": [
     [
      [
       67.8,
       35.8
      ],
      [
       68.2,
       35.8
      ],
      [
       68.2,
       36.2
      ],
      [
       67.8,
       36.2
      ],
      [
       67.8,
       35.8
      ]
     ]
    ]
   }
  },
  {
   "type": "Feature",
   "id": "column_60",
   "properties": {
    "kind": "column",
    "material": "column",
    "z0_m": 0.0,
    "z1_m": 6.4,
    "zone": "back_of_house",
    "provenance": "assumed: 8 m structural grid"
   },
   "geometry": {
    "type": "Polygon",
    "coordinates": [
     [
      [
       67.8,
       43.8
      ],
      [
       68.2,
       43.8
      ],
      [
       68.2,
       44.2
      ],
      [
       67.8,
       44.2
      ],
      [
       67.8,
       43.8
      ]
     ]
    ]
   }
  },
  {
   "type": "Feature",
   "id": "column_61",
   "properties": {
    "kind": "column",
    "material": "column",
    "z0_m": 0.0,
    "z1_m": 6.4,
    "zone": "back_of_house",
    "provenance": "assumed: 8 m structural grid"
   },
   "geometry": {
    "type": "Polygon",
    "coordinates": [
     [
      [
       67.8,
       51.8
      ],
      [
       68.2,
       51.8
      ],
      [
       68.2,
       52.2
      ],
      [
       67.8,
       52.2
      ],
      [
       67.8,
       51.8
      ]
     ]
    ]
   }
  },
  {
   "type": "Feature",
   "id": "column_62",
   "properties": {
    "kind": "column",
    "material": "column",
    "z0_m": 0.0,
    "z1_m": 6.4,
    "zone": "back_of_house",
    "provenance": "assumed: 8 m structural grid"
   },
   "geometry": {
    "type": "Polygon",
    "coordinates": [
     [
      [
       75.8,
       11.8
      ],
      [
       76.2,
       11.8
      ],
      [
       76.2,
       12.2
      ],
      [
       75.8,
       12.2
      ],
      [
       75.8,
       11.8
      ]
     ]
    ]
   }
  },
  {
   "type": "Feature",
   "id": "column_63",
   "properties": {
    "kind": "column",
    "material": "column",
    "z0_m": 0.0,
    "z1_m": 6.4,
    "zone": "back_of_house",
    "provenance": "assumed: 8 m structural grid"
   },
   "geometry": {
    "type": "Polygon",
    "coordinates": [
     [
      [
       75.8,
       19.8
      ],
      [
       76.2,
       19.8
      ],
      [
       76.2,
       20.2
      ],
      [
       75.8,
       20.2
      ],
      [
       75.8,
       19.8
      ]
     ]
    ]
   }
  },
  {
   "type": "Feature",
   "id": "column_64",
   "properties": {
    "kind": "column",
    "material": "column",
    "z0_m": 0.0,
    "z1_m": 6.4,
    "zone": "back_of_house",
    "provenance": "assumed: 8 m structural grid"
   },
   "geometry": {
    "type": "Polygon",
    "coordinates": [
     [
      [
       75.8,
       27.8
      ],
      [
       76.2,
       27.8
      ],
      [
       76.2,
       28.2
      ],
      [
       75.8,
       28.2
      ],
      [
       75.8,
       27.8
      ]
     ]
    ]
   }
  },
  {
   "type": "Feature",
   "id": "column_65",
   "properties": {
    "kind": "column",
    "material": "column",
    "z0_m": 0.0,
    "z1_m": 6.4,
    "zone": "back_of_house",
    "provenance": "assumed: 8 m structural grid"
   },
   "geometry": {
    "type": "Polygon",
    "coordinates": [
     [
      [
       75.8,
       35.8
      ],
      [
       76.2,
       35.8
      ],
      [
       76.2,
       36.2
      ],
      [
       75.8,
       36.2
      ],
      [
       75.8,
       35.8
      ]
     ]
    ]
   }
  },
  {
   "type": "Feature",
   "id": "column_66",
   "properties": {
    "kind": "column",
    "material": "column",
    "z0_m": 0.0,
    "z1_m": 6.4,
    "zone": "back_of_house",
    "provenance": "assumed: 8 m structural grid"
   },
   "geometry": {
    "type": "Polygon",
    "coordinates": [
     [
      [
       75.8,
       43.8
      ],
      [
       76.2,
       43.8
      ],
      [
       76.2,
       44.2
      ],
      [
       75.8,
       44.2
      ],
      [
       75.8,
       43.8
      ]
     ]
    ]
   }
  },
  {
   "type": "Feature",
   "id": "column_67",
   "properties": {
    "kind": "column",
    "material": "column",
    "z0_m": 0.0,
    "z1_m": 6.4,
    "zone": "back_of_house",
    "provenance": "assumed: 8 m structural grid"
   },
   "geometry": {
    "type": "Polygon",
    "coordinates": [
     [
      [
       75.8,
       51.8
      ],
      [
       76.2,
       51.8
      ],
      [
       76.2,
       52.2
      ],
      [
       75.8,
       52.2
      ],
      [
       75.8,
       51.8
      ]
     ]
    ]
   }
  },
  {
   "type": "Feature",
   "id": "column_68",
   "properties": {
    "kind": "column",
    "material": "column",
    "z0_m": 0.0,
    "z1_m": 6.4,
    "zone": "back_of_house",
    "provenance": "assumed: 8 m structural grid"
   },
   "geometry": {
    "type": "Polygon",
    "coordinates": [
     [
      [
       83.8,
       19.8
      ],
      [
       84.2,
       19.8
      ],
      [
       84.2,
       20.2
      ],
      [
       83.8,
       20.2
      ],
      [
       83.8,
       19.8
      ]
     ]
    ]
   }
  },
  {
   "type": "Feature",
   "id": "column_69",
   "properties": {
    "kind": "column",
    "material": "column",
    "z0_m": 0.0,
    "z1_m": 6.4,
    "zone": "back_of_house",
    "provenance": "assumed: 8 m structural grid"
   },
   "geometry": {
    "type": "Polygon",
    "coordinates": [
     [
      [
       83.8,
       27.8
      ],
      [
       84.2,
       27.8
      ],
      [
       84.2,
       28.2
      ],
      [
       83.8,
       28.2
      ],
      [
       83.8,
       27.8
      ]
     ]
    ]
   }
  },
  {
   "type": "Feature",
   "id": "column_70",
   "properties": {
    "kind": "column",
    "material": "column",
    "z0_m": 0.0,
    "z1_m": 6.4,
    "zone": "back_of_house",
    "provenance": "assumed: 8 m structural grid"
   },
   "geometry": {
    "type": "Polygon",
    "coordinates": [
     [
      [
       83.8,
       35.8
      ],
      [
       84.2,
       35.8
      ],
      [
       84.2,
       36.2
      ],
      [
       83.8,
       36.2
      ],
      [
       83.8,
       35.8
      ]
     ]
    ]
   }
  },
  {
   "type": "Feature",
   "id": "column_71",
   "properties": {
    "kind": "column",
    "material": "column",
    "z0_m": 0.0,
    "z1_m": 6.4,
    "zone": "back_of_house",
    "provenance": "assumed: 8 m structural grid"
   },
   "geometry": {
    "type": "Polygon",
    "coordinates": [
     [
      [
       83.8,
       43.8
      ],
      [
       84.2,
       43.8
      ],
      [
       84.2,
       44.2
      ],
      [
       83.8,
       44.2
      ],
      [
       83.8,
       43.8
      ]
     ]
    ]
   }
  },
  {
   "type": "Feature",
   "id": "column_72",
   "properties": {
    "kind": "column",
    "material": "column",
    "z0_m": 0.0,
    "z1_m": 6.4,
    "zone": "back_of_house",
    "provenance": "assumed: 8 m structural grid"
   },
   "geometry": {
    "type": "Polygon",
    "coordinates": [
     [
      [
       83.8,
       51.8
      ],
      [
       84.2,
       51.8
      ],
      [
       84.2,
       52.2
      ],
      [
       83.8,
       52.2
      ],
      [
       83.8,
       51.8
      ]
     ]
    ]
   }
  },
  {
   "type": "Feature",
   "id": "column_73",
   "properties": {
    "kind": "column",
    "material": "column",
    "z0_m": 0.0,
    "z1_m": 6.4,
    "zone": "back_of_house",
    "provenance": "assumed: 8 m structural grid"
   },
   "geometry": {
    "type": "Polygon",
    "coordinates": [
     [
      [
       91.8,
       27.8
      ],
      [
       92.2,
       27.8
      ],
      [
       92.2,
       28.2
      ],
      [
       91.8,
       28.2
      ],
      [
       91.8,
       27.8
      ]
     ]
    ]
   }
  },
  {
   "type": "Feature",
   "id": "column_74",
   "properties": {
    "kind": "column",
    "material": "column",
    "z0_m": 0.0,
    "z1_m": 6.4,
    "zone": "back_of_house",
    "provenance": "assumed: 8 m structural grid"
   },
   "geometry": {
    "type": "Polygon",
    "coordinates": [
     [
      [
       91.8,
       35.8
      ],
      [
       92.2,
       35.8
      ],
      [
       92.2,
       36.2
      ],
      [
       91.8,
       36.2
      ],
      [
       91.8,
       35.8
      ]
     ]
    ]
   }
  },
  {
   "type": "Feature",
   "id": "column_75",
   "properties": {
    "kind": "column",
    "material": "column",
    "z0_m": 0.0,
    "z1_m": 6.4,
    "zone": "back_of_house",
    "provenance": "assumed: 8 m structural grid"
   },
   "geometry": {
    "type": "Polygon",
    "coordinates": [
     [
      [
       91.8,
       43.8
      ],
      [
       92.2,
       43.8
      ],
      [
       92.2,
       44.2
      ],
      [
       91.8,
       44.2
      ],
      [
       91.8,
       43.8
      ]
     ]
    ]
   }
  },
  {
   "type": "Feature",
   "id": "column_76",
   "properties": {
    "kind": "column",
    "material": "column",
    "z0_m": 0.0,
    "z1_m": 6.4,
    "zone": "back_of_house",
    "provenance": "assumed: 8 m structural grid"
   },
   "geometry": {
    "type": "Polygon",
    "coordinates": [
     [
      [
       91.8,
       51.8
      ],
      [
       92.2,
       51.8
      ],
      [
       92.2,
       52.2
      ],
      [
       91.8,
       52.2
      ],
      [
       91.8,
       51.8
      ]
     ]
    ]
   }
  },
  {
   "type": "Feature",
   "id": "endcap_w_r00",
   "properties": {
    "kind": "endcap",
    "material": "gondola",
    "z0_m": 0.0,
    "z1_m": 1.6,
    "zone": "sales_floor",
    "provenance": "assumed: end-cap display"
   },
   "geometry": {
    "type": "Polygon",
    "coordinates": [
     [
      [
       6.8,
       7.200000000000001
      ],
      [
       7.8,
       7.200000000000001
      ],
      [
       7.8,
       8.4
      ],
      [
       6.8,
       8.4
      ],
      [
       6.8,
       7.200000000000001
      ]
     ]
    ]
   }
  },
  {
   "type": "Feature",
   "id": "endcap_e_r00",
   "properties": {
    "kind": "endcap",
    "material": "gondola",
    "z0_m": 0.0,
    "z1_m": 1.6,
    "zone": "sales_floor",
    "provenance": "assumed: end-cap display"
   },
   "geometry": {
    "type": "Polygon",
    "coordinates": [
     [
      [
       42.800000000000004,
       7.200000000000001
      ],
      [
       43.800000000000004,
       7.200000000000001
      ],
      [
       43.800000000000004,
       8.4
      ],
      [
       42.800000000000004,
       8.4
      ],
      [
       42.800000000000004,
       7.200000000000001
      ]
     ]
    ]
   }
  },
  {
   "type": "Feature",
   "id": "endcap_w_r01",
   "properties": {
    "kind": "endcap",
    "material": "gondola",
    "z0_m": 0.0,
    "z1_m": 1.6,
    "zone": "sales_floor",
    "provenance": "assumed: end-cap display"
   },
   "geometry": {
    "type": "Polygon",
    "coordinates": [
     [
      [
       6.8,
       12.000000000000002
      ],
      [
       7.8,
       12.000000000000002
      ],
      [
       7.8,
       13.200000000000001
      ],
      [
       6.8,
       13.200000000000001
      ],
      [
       6.8,
       12.000000000000002
      ]
     ]
    ]
   }
  },
  {
   "type": "Feature",
   "id": "endcap_e_r01",
   "properties": {
    "kind": "endcap",
    "material": "gondola",
    "z0_m": 0.0,
    "z1_m": 1.6,
    "zone": "sales_floor",
    "provenance": "assumed: end-cap display"
   },
   "geometry": {
    "type": "Polygon",
    "coordinates": [
     [
      [
       42.800000000000004,
       12.000000000000002
      ],
      [
       43.800000000000004,
       12.000000000000002
      ],
      [
       43.800000000000004,
       13.200000000000001
      ],
      [
       42.800000000000004,
       13.200000000000001
      ],
      [
       42.800000000000004,
       12.000000000000002
      ]
     ]
    ]
   }
  },
  {
   "type": "Feature",
   "id": "endcap_w_r02",
   "properties": {
    "kind": "endcap",
    "material": "gondola",
    "z0_m": 0.0,
    "z1_m": 1.6,
    "zone": "sales_floor",
    "provenance": "assumed: end-cap display"
   },
   "geometry": {
    "type": "Polygon",
    "coordinates": [
     [
      [
       6.8,
       16.799999999999997
      ],
      [
       7.8,
       16.799999999999997
      ],
      [
       7.8,
       18.0
      ],
      [
       6.8,
       18.0
      ],
      [
       6.8,
       16.799999999999997
      ]
     ]
    ]
   }
  },
  {
   "type": "Feature",
   "id": "endcap_e_r02",
   "properties": {
    "kind": "endcap",
    "material": "gondola",
    "z0_m": 0.0,
    "z1_m": 1.6,
    "zone": "sales_floor",
    "provenance": "assumed: end-cap display"
   },
   "geometry": {
    "type": "Polygon",
    "coordinates": [
     [
      [
       42.800000000000004,
       16.799999999999997
      ],
      [
       43.800000000000004,
       16.799999999999997
      ],
      [
       43.800000000000004,
       18.0
      ],
      [
       42.800000000000004,
       18.0
      ],
      [
       42.800000000000004,
       16.799999999999997
      ]
     ]
    ]
   }
  },
  {
   "type": "Feature",
   "id": "endcap_w_r03",
   "properties": {
    "kind": "endcap",
    "material": "gondola",
    "z0_m": 0.0,
    "z1_m": 1.6,
    "zone": "sales_floor",
    "provenance": "assumed: end-cap display"
   },
   "geometry": {
    "type": "Polygon",
    "coordinates": [
     [
      [
       6.8,
       21.599999999999998
      ],
      [
       7.8,
       21.599999999999998
      ],
      [
       7.8,
       22.8
      ],
      [
       6.8,
       22.8
      ],
      [
       6.8,
       21.599999999999998
      ]
     ]
    ]
   }
  },
  {
   "type": "Feature",
   "id": "endcap_e_r03",
   "properties": {
    "kind": "endcap",
    "material": "gondola",
    "z0_m": 0.0,
    "z1_m": 1.6,
    "zone": "sales_floor",
    "provenance": "assumed: end-cap display"
   },
   "geometry": {
    "type": "Polygon",
    "coordinates": [
     [
      [
       42.800000000000004,
       21.599999999999998
      ],
      [
       43.800000000000004,
       21.599999999999998
      ],
      [
       43.800000000000004,
       22.8
      ],
      [
       42.800000000000004,
       22.8
      ],
      [
       42.800000000000004,
       21.599999999999998
      ]
     ]
    ]
   }
  },
  {
   "type": "Feature",
   "id": "endcap_w_r04",
   "properties": {
    "kind": "endcap",
    "material": "gondola",
    "z0_m": 0.0,
    "z1_m": 1.6,
    "zone": "sales_floor",
    "provenance": "assumed: end-cap display"
   },
   "geometry": {
    "type": "Polygon",
    "coordinates": [
     [
      [
       6.8,
       26.4
      ],
      [
       7.8,
       26.4
      ],
      [
       7.8,
       27.6
      ],
      [
       6.8,
       27.6
      ],
      [
       6.8,
       26.4
      ]
     ]
    ]
   }
  },
  {
   "type": "Feature",
   "id": "endcap_e_r04",
   "properties": {
    "kind": "endcap",
    "material": "gondola",
    "z0_m": 0.0,
    "z1_m": 1.6,
    "zone": "sales_floor",
    "provenance": "assumed: end-cap display"
   },
   "geometry": {
    "type": "Polygon",
    "coordinates": [
     [
      [
       42.800000000000004,
       26.4
      ],
      [
       43.800000000000004,
       26.4
      ],
      [
       43.800000000000004,
       27.6
      ],
      [
       42.800000000000004,
       27.6
      ],
      [
       42.800000000000004,
       26.4
      ]
     ]
    ]
   }
  },
  {
   "type": "Feature",
   "id": "endcap_w_r05",
   "properties": {
    "kind": "endcap",
    "material": "gondola",
    "z0_m": 0.0,
    "z1_m": 1.6,
    "zone": "sales_floor",
    "provenance": "assumed: end-cap display"
   },
   "geometry": {
    "type": "Polygon",
    "coordinates": [
     [
      [
       6.8,
       31.2
      ],
      [
       7.8,
       31.2
      ],
      [
       7.8,
       32.4
      ],
      [
       6.8,
       32.4
      ],
      [
       6.8,
       31.2
      ]
     ]
    ]
   }
  },
  {
   "type": "Feature",
   "id": "endcap_e_r05",
   "properties": {
    "kind": "endcap",
    "material": "gondola",
    "z0_m": 0.0,
    "z1_m": 1.6,
    "zone": "sales_floor",
    "provenance": "assumed: end-cap display"
   },
   "geometry": {
    "type": "Polygon",
    "coordinates": [
     [
      [
       42.800000000000004,
       31.2
      ],
      [
       43.800000000000004,
       31.2
      ],
      [
       43.800000000000004,
       32.4
      ],
      [
       42.800000000000004,
       32.4
      ],
      [
       42.800000000000004,
       31.2
      ]
     ]
    ]
   }
  },
  {
   "type": "Feature",
   "id": "endcap_w_r06",
   "properties": {
    "kind": "endcap",
    "material": "gondola",
    "z0_m": 0.0,
    "z1_m": 1.6,
    "zone": "sales_floor",
    "provenance": "assumed: end-cap display"
   },
   "geometry": {
    "type": "Polygon",
    "coordinates": [
     [
      [
       6.8,
       35.99999999999999
      ],
      [
       7.8,
       35.99999999999999
      ],
      [
       7.8,
       37.199999999999996
      ],
      [
       6.8,
       37.199999999999996
      ],
      [
       6.8,
       35.99999999999999
      ]
     ]
    ]
   }
  },
  {
   "type": "Feature",
   "id": "endcap_e_r06",
   "properties": {
    "kind": "endcap",
    "material": "gondola",
    "z0_m": 0.0,
    "z1_m": 1.6,
    "zone": "sales_floor",
    "provenance": "assumed: end-cap display"
   },
   "geometry": {
    "type": "Polygon",
    "coordinates": [
     [
      [
       42.800000000000004,
       35.99999999999999
      ],
      [
       43.800000000000004,
       35.99999999999999
      ],
      [
       43.800000000000004,
       37.199999999999996
      ],
      [
       42.800000000000004,
       37.199999999999996
      ],
      [
       42.800000000000004,
       35.99999999999999
      ]
     ]
    ]
   }
  },
  {
   "type": "Feature",
   "id": "endcap_w_r07",
   "properties": {
    "kind": "endcap",
    "material": "gondola",
    "z0_m": 0.0,
    "z1_m": 1.6,
    "zone": "sales_floor",
    "provenance": "assumed: end-cap display"
   },
   "geometry": {
    "type": "Polygon",
    "coordinates": [
     [
      [
       6.8,
       40.800000000000004
      ],
      [
       7.8,
       40.800000000000004
      ],
      [
       7.8,
       42.00000000000001
      ],
      [
       6.8,
       42.00000000000001
      ],
      [
       6.8,
       40.800000000000004
      ]
     ]
    ]
   }
  },
  {
   "type": "Feature",
   "id": "endcap_e_r07",
   "properties": {
    "kind": "endcap",
    "material": "gondola",
    "z0_m": 0.0,
    "z1_m": 1.6,
    "zone": "sales_floor",
    "provenance": "assumed: end-cap display"
   },
   "geometry": {
    "type": "Polygon",
    "coordinates": [
     [
      [
       42.800000000000004,
       40.800000000000004
      ],
      [
       43.800000000000004,
       40.800000000000004
      ],
      [
       43.800000000000004,
       42.00000000000001
      ],
      [
       42.800000000000004,
       42.00000000000001
      ],
      [
       42.800000000000004,
       40.800000000000004
      ]
     ]
    ]
   }
  },
  {
   "type": "Feature",
   "id": "endcap_w_r08",
   "properties": {
    "kind": "endcap",
    "material": "gondola",
    "z0_m": 0.0,
    "z1_m": 1.6,
    "zone": "sales_floor",
    "provenance": "assumed: end-cap display"
   },
   "geometry": {
    "type": "Polygon",
    "coordinates": [
     [
      [
       6.8,
       45.6
      ],
      [
       7.8,
       45.6
      ],
      [
       7.8,
       46.800000000000004
      ],
      [
       6.8,
       46.800000000000004
      ],
      [
       6.8,
       45.6
      ]
     ]
    ]
   }
  },
  {
   "type": "Feature",
   "id": "endcap_e_r08",
   "properties": {
    "kind": "endcap",
    "material": "gondola",
    "z0_m": 0.0,
    "z1_m": 1.6,
    "zone": "sales_floor",
    "provenance": "assumed: end-cap display"
   },
   "geometry": {
    "type": "Polygon",
    "coordinates": [
     [
      [
       42.800000000000004,
       45.6
      ],
      [
       43.800000000000004,
       45.6
      ],
      [
       43.800000000000004,
       46.800000000000004
      ],
      [
       42.800000000000004,
       46.800000000000004
      ],
      [
       42.800000000000004,
       45.6
      ]
     ]
    ]
   }
  },
  {
   "type": "Feature",
   "id": "promo_a00_0",
   "properties": {
    "kind": "promo_pallet",
    "material": "gondola",
    "z0_m": 0.0,
    "z1_m": 1.6,
    "zone": "sales_floor",
    "provenance": "assumed: mid-aisle promo pallet"
   },
   "geometry": {
    "type": "Polygon",
    "coordinates": [
     [
      [
       18.472,
       5.800000000000001
      ],
      [
       19.672000000000004,
       5.800000000000001
      ],
      [
       19.672000000000004,
       6.800000000000001
      ],
      [
       18.472,
       6.800000000000001
      ],
      [
       18.472,
       5.800000000000001
      ]
     ]
    ]
   }
  },
  {
   "type": "Feature",
   "id": "promo_a00_1",
   "properties": {
    "kind": "promo_pallet",
    "material": "gondola",
    "z0_m": 0.0,
    "z1_m": 1.6,
    "zone": "sales_floor",
    "provenance": "assumed: mid-aisle promo pallet"
   },
   "geometry": {
    "type": "Polygon",
    "coordinates": [
     [
      [
       30.928,
       4.0
      ],
      [
       32.128,
       4.0
      ],
      [
       32.128,
       5.0
      ],
      [
       30.928,
       5.0
      ],
      [
       30.928,
       4.0
      ]
     ]
    ]
   }
  },
  {
   "type": "Feature",
   "id": "promo_a01_0",
   "properties": {
    "kind": "promo_pallet",
    "material": "gondola",
    "z0_m": 0.0,
    "z1_m": 1.6,
    "zone": "sales_floor",
    "provenance": "assumed: mid-aisle promo pallet"
   },
   "geometry": {
    "type": "Polygon",
    "coordinates": [
     [
      [
       18.472,
       8.799999999999999
      ],
      [
       19.672000000000004,
       8.799999999999999
      ],
      [
       19.672000000000004,
       9.799999999999999
      ],
      [
       18.472,
       9.799999999999999
      ],
      [
       18.472,
       8.799999999999999
      ]
     ]
    ]
   }
  },
  {
   "type": "Feature",
   "id": "promo_a01_1",
   "properties": {
    "kind": "promo_pallet",
    "material": "gondola",
    "z0_m": 0.0,
    "z1_m": 1.6,
    "zone": "sales_floor",
    "provenance": "assumed: mid-aisle promo pallet"
   },
   "geometry": {
    "type": "Polygon",
    "coordinates": [
     [
      [
       30.928,
       10.6
      ],
      [
       32.128,
       10.6
      ],
      [
       32.128,
       11.6
      ],
      [
       30.928,
       11.6
      ],
      [
       30.928,
       10.6
      ]
     ]
    ]
   }
  },
  {
   "type": "Feature",
   "id": "promo_a02_0",
   "properties": {
    "kind": "promo_pallet",
    "material": "gondola",
    "z0_m": 0.0,
    "z1_m": 1.6,
    "zone": "sales_floor",
    "provenance": "assumed: mid-aisle promo pallet"
   },
   "geometry": {
    "type": "Polygon",
    "coordinates": [
     [
      [
       18.472,
       15.4
      ],
      [
       19.672000000000004,
       15.4
      ],
      [
       19.672000000000004,
       16.4
      ],
      [
       18.472,
       16.4
      ],
      [
       18.472,
       15.4
      ]
     ]
    ]
   }
  },
  {
   "type": "Feature",
   "id": "promo_a02_1",
   "properties": {
    "kind": "promo_pallet",
    "material": "gondola",
    "z0_m": 0.0,
    "z1_m": 1.6,
    "zone": "sales_floor",
    "provenance": "assumed: mid-aisle promo pallet"
   },
   "geometry": {
    "type": "Polygon",
    "coordinates": [
     [
      [
       30.928,
       13.6
      ],
      [
       32.128,
       13.6
      ],
      [
       32.128,
       14.6
      ],
      [
       30.928,
       14.6
      ],
      [
       30.928,
       13.6
      ]
     ]
    ]
   }
  },
  {
   "type": "Feature",
   "id": "promo_a03_0",
   "properties": {
    "kind": "promo_pallet",
    "material": "gondola",
    "z0_m": 0.0,
    "z1_m": 1.6,
    "zone": "sales_floor",
    "provenance": "assumed: mid-aisle promo pallet"
   },
   "geometry": {
    "type": "Polygon",
    "coordinates": [
     [
      [
       18.472,
       18.4
      ],
      [
       19.672000000000004,
       18.4
      ],
      [
       19.672000000000004,
       19.4
      ],
      [
       18.472,
       19.4
      ],
      [
       18.472,
       18.4
      ]
     ]
    ]
   }
  },
  {
   "type": "Feature",
   "id": "promo_a03_1",
   "properties": {
    "kind": "promo_pallet",
    "material": "gondola",
    "z0_m": 0.0,
    "z1_m": 1.6,
    "zone": "sales_floor",
    "provenance": "assumed: mid-aisle promo pallet"
   },
   "geometry": {
    "type": "Polygon",
    "coordinates": [
     [
      [
       30.928,
       20.199999999999996
      ],
      [
       32.128,
       20.199999999999996
      ],
      [
       32.128,
       21.199999999999996
      ],
      [
       30.928,
       21.199999999999996
      ],
      [
       30.928,
       20.199999999999996
      ]
     ]
    ]
   }
  },
  {
   "type": "Feature",
   "id": "promo_a04_0",
   "properties": {
    "kind": "promo_pallet",
    "material": "gondola",
    "z0_m": 0.0,
    "z1_m": 1.6,
    "zone": "sales_floor",
    "provenance": "assumed: mid-aisle promo pallet"
   },
   "geometry": {
    "type": "Polygon",
    "coordinates": [
     [
      [
       18.472,
       25.0
      ],
      [
       19.672000000000004,
       25.0
      ],
      [
       19.672000000000004,
       26.0
      ],
      [
       18.472,
       26.0
      ],
      [
       18.472,
       25.0
      ]
     ]
    ]
   }
  },
  {
   "type": "Feature",
   "id": "promo_a04_1",
   "properties": {
    "kind": "promo_pallet",
    "material": "gondola",
    "z0_m": 0.0,
    "z1_m": 1.6,
    "zone": "sales_floor",
    "provenance": "assumed: mid-aisle promo pallet"
   },
   "geometry": {
    "type": "Polygon",
    "coordinates": [
     [
      [
       30.928,
       23.200000000000003
      ],
      [
       32.128,
       23.200000000000003
      ],
      [
       32.128,
       24.200000000000003
      ],
      [
       30.928,
       24.200000000000003
      ],
      [
       30.928,
       23.200000000000003
      ]
     ]
    ]
   }
  },
  {
   "type": "Feature",
   "id": "promo_a05_0",
   "properties": {
    "kind": "promo_pallet",
    "material": "gondola",
    "z0_m": 0.0,
    "z1_m": 1.6,
    "zone": "sales_floor",
    "provenance": "assumed: mid-aisle promo pallet"
   },
   "geometry": {
    "type": "Polygon",
    "coordinates": [
     [
      [
       18.472,
       28.0
      ],
      [
       19.672000000000004,
       28.0
      ],
      [
       19.672000000000004,
       29.0
      ],
      [
       18.472,
       29.0
      ],
      [
       18.472,
       28.0
      ]
     ]
    ]
   }
  },
  {
   "type": "Feature",
   "id": "promo_a05_1",
   "properties": {
    "kind": "promo_pallet",
    "material": "gondola",
    "z0_m": 0.0,
    "z1_m": 1.6,
    "zone": "sales_floor",
    "provenance": "assumed: mid-aisle promo pallet"
   },
   "geometry": {
    "type": "Polygon",
    "coordinates": [
     [
      [
       30.928,
       29.799999999999997
      ],
      [
       32.128,
       29.799999999999997
      ],
      [
       32.128,
       30.799999999999997
      ],
      [
       30.928,
       30.799999999999997
      ],
      [
       30.928,
       29.799999999999997
      ]
     ]
    ]
   }
  },
  {
   "type": "Feature",
   "id": "promo_a06_0",
   "properties": {
    "kind": "promo_pallet",
    "material": "gondola",
    "z0_m": 0.0,
    "z1_m": 1.6,
    "zone": "sales_floor",
    "provenance": "assumed: mid-aisle promo pallet"
   },
   "geometry": {
    "type": "Polygon",
    "coordinates": [
     [
      [
       18.472,
       34.599999999999994
      ],
      [
       19.672000000000004,
       34.599999999999994
      ],
      [
       19.672000000000004,
       35.599999999999994
      ],
      [
       18.472,
       35.599999999999994
      ],
      [
       18.472,
       34.599999999999994
      ]
     ]
    ]
   }
  },
  {
   "type": "Feature",
   "id": "promo_a06_1",
   "properties": {
    "kind": "promo_pallet",
    "material": "gondola",
    "z0_m": 0.0,
    "z1_m": 1.6,
    "zone": "sales_floor",
    "provenance": "assumed: mid-aisle promo pallet"
   },
   "geometry": {
    "type": "Polygon",
    "coordinates": [
     [
      [
       30.928,
       32.8
      ],
      [
       32.128,
       32.8
      ],
      [
       32.128,
       33.8
      ],
      [
       30.928,
       33.8
      ],
      [
       30.928,
       32.8
      ]
     ]
    ]
   }
  },
  {
   "type": "Feature",
   "id": "promo_a07_0",
   "properties": {
    "kind": "promo_pallet",
    "material": "gondola",
    "z0_m": 0.0,
    "z1_m": 1.6,
    "zone": "sales_floor",
    "provenance": "assumed: mid-aisle promo pallet"
   },
   "geometry": {
    "type": "Polygon",
    "coordinates": [
     [
      [
       18.472,
       37.6
      ],
      [
       19.672000000000004,
       37.6
      ],
      [
       19.672000000000004,
       38.6
      ],
      [
       18.472,
       38.6
      ],
      [
       18.472,
       37.6
      ]
     ]
    ]
   }
  },
  {
   "type": "Feature",
   "id": "promo_a07_1",
   "properties": {
    "kind": "promo_pallet",
    "material": "gondola",
    "z0_m": 0.0,
    "z1_m": 1.6,
    "zone": "sales_floor",
    "provenance": "assumed: mid-aisle promo pallet"
   },
   "geometry": {
    "type": "Polygon",
    "coordinates": [
     [
      [
       30.928,
       39.4
      ],
      [
       32.128,
       39.4
      ],
      [
       32.128,
       40.4
      ],
      [
       30.928,
       40.4
      ],
      [
       30.928,
       39.4
      ]
     ]
    ]
   }
  },
  {
   "type": "Feature",
   "id": "promo_a08_0",
   "properties": {
    "kind": "promo_pallet",
    "material": "gondola",
    "z0_m": 0.0,
    "z1_m": 1.6,
    "zone": "sales_floor",
    "provenance": "assumed: mid-aisle promo pallet"
   },
   "geometry": {
    "type": "Polygon",
    "coordinates": [
     [
      [
       18.472,
       44.199999999999996
      ],
      [
       19.672000000000004,
       44.199999999999996
      ],
      [
       19.672000000000004,
       45.199999999999996
      ],
      [
       18.472,
       45.199999999999996
      ],
      [
       18.472,
       44.199999999999996
      ]
     ]
    ]
   }
  },
  {
   "type": "Feature",
   "id": "promo_a08_1",
   "properties": {
    "kind": "promo_pallet",
    "material": "gondola",
    "z0_m": 0.0,
    "z1_m": 1.6,
    "zone": "sales_floor",
    "provenance": "assumed: mid-aisle promo pallet"
   },
   "geometry": {
    "type": "Polygon",
    "coordinates": [
     [
      [
       30.928,
       42.4
      ],
      [
       32.128,
       42.4
      ],
      [
       32.128,
       43.4
      ],
      [
       30.928,
       43.4
      ],
      [
       30.928,
       42.4
      ]
     ]
    ]
   }
  },
  {
   "type": "Feature",
   "id": "promo_a09_0",
   "properties": {
    "kind": "promo_pallet",
    "material": "gondola",
    "z0_m": 0.0,
    "z1_m": 1.6,
    "zone": "sales_floor",
    "provenance": "assumed: mid-aisle promo pallet"
   },
   "geometry": {
    "type": "Polygon",
    "coordinates": [
     [
      [
       18.472,
       47.199999999999996
      ],
      [
       19.672000000000004,
       47.199999999999996
      ],
      [
       19.672000000000004,
       48.199999999999996
      ],
      [
       18.472,
       48.199999999999996
      ],
      [
       18.472,
       47.199999999999996
      ]
     ]
    ]
   }
  },
  {
   "type": "Feature",
   "id": "promo_a09_1",
   "properties": {
    "kind": "promo_pallet",
    "material": "gondola",
    "z0_m": 0.0,
    "z1_m": 1.6,
    "zone": "sales_floor",
    "provenance": "assumed: mid-aisle promo pallet"
   },
   "geometry": {
    "type": "Polygon",
    "coordinates": [
     [
      [
       30.928,
       48.99999999999999
      ],
      [
       32.128,
       48.99999999999999
      ],
      [
       32.128,
       49.99999999999999
      ],
      [
       30.928,
       49.99999999999999
      ],
      [
       30.928,
       48.99999999999999
      ]
     ]
    ]
   }
  },
  {
   "type": "Feature",
   "id": "chiller_n_00",
   "properties": {
    "kind": "chiller",
    "material": "chiller",
    "z0_m": 0.0,
    "z1_m": 2.2,
    "zone": "sales_floor",
    "provenance": "assumed: perimeter chiller line"
   },
   "geometry": {
    "type": "Polygon",
    "coordinates": [
     [
      [
       6.0,
       53.45
      ],
      [
       9.75,
       53.45
      ],
      [
       9.75,
       54.55
      ],
      [
       6.0,
       54.55
      ],
      [
       6.0,
       53.45
      ]
     ]
    ]
   }
  },
  {
   "type": "Feature",
   "id": "chiller_n_01",
   "properties": {
    "kind": "chiller",
    "material": "chiller",
    "z0_m": 0.0,
    "z1_m": 2.2,
    "zone": "sales_floor",
    "provenance": "assumed: perimeter chiller line"
   },
   "geometry": {
    "type": "Polygon",
    "coordinates": [
     [
      [
       9.9,
       53.45
      ],
      [
       13.65,
       53.45
      ],
      [
       13.65,
       54.55
      ],
      [
       9.9,
       54.55
      ],
      [
       9.9,
       53.45
      ]
     ]
    ]
   }
  },
  {
   "type": "Feature",
   "id": "chiller_n_02",
   "properties": {
    "kind": "chiller",
    "material": "chiller",
    "z0_m": 0.0,
    "z1_m": 2.2,
    "zone": "sales_floor",
    "provenance": "assumed: perimeter chiller line"
   },
   "geometry": {
    "type": "Polygon",
    "coordinates": [
     [
      [
       13.8,
       53.45
      ],
      [
       17.55,
       53.45
      ],
      [
       17.55,
       54.55
      ],
      [
       13.8,
       54.55
      ],
      [
       13.8,
       53.45
      ]
     ]
    ]
   }
  },
  {
   "type": "Feature",
   "id": "chiller_n_03",
   "properties": {
    "kind": "chiller",
    "material": "chiller",
    "z0_m": 0.0,
    "z1_m": 2.2,
    "zone": "sales_floor",
    "provenance": "assumed: perimeter chiller line"
   },
   "geometry": {
    "type": "Polygon",
    "coordinates": [
     [
      [
       17.7,
       53.45
      ],
      [
       21.45,
       53.45
      ],
      [
       21.45,
       54.55
      ],
      [
       17.7,
       54.55
      ],
      [
       17.7,
       53.45
      ]
     ]
    ]
   }
  },
  {
   "type": "Feature",
   "id": "chiller_n_04",
   "properties": {
    "kind": "chiller",
    "material": "chiller",
    "z0_m": 0.0,
    "z1_m": 2.2,
    "zone": "sales_floor",
    "provenance": "assumed: perimeter chiller line"
   },
   "geometry": {
    "type": "Polygon",
    "coordinates": [
     [
      [
       21.6,
       53.45
      ],
      [
       25.35,
       53.45
      ],
      [
       25.35,
       54.55
      ],
      [
       21.6,
       54.55
      ],
      [
       21.6,
       53.45
      ]
     ]
    ]
   }
  },
  {
   "type": "Feature",
   "id": "chiller_n_05",
   "properties": {
    "kind": "chiller",
    "material": "chiller",
    "z0_m": 0.0,
    "z1_m": 2.2,
    "zone": "sales_floor",
    "provenance": "assumed: perimeter chiller line"
   },
   "geometry": {
    "type": "Polygon",
    "coordinates": [
     [
      [
       25.5,
       53.45
      ],
      [
       29.25,
       53.45
      ],
      [
       29.25,
       54.55
      ],
      [
       25.5,
       54.55
      ],
      [
       25.5,
       53.45
      ]
     ]
    ]
   }
  },
  {
   "type": "Feature",
   "id": "chiller_n_06",
   "properties": {
    "kind": "chiller",
    "material": "chiller",
    "z0_m": 0.0,
    "z1_m": 2.2,
    "zone": "sales_floor",
    "provenance": "assumed: perimeter chiller line"
   },
   "geometry": {
    "type": "Polygon",
    "coordinates": [
     [
      [
       29.4,
       53.45
      ],
      [
       33.15,
       53.45
      ],
      [
       33.15,
       54.55
      ],
      [
       29.4,
       54.55
      ],
      [
       29.4,
       53.45
      ]
     ]
    ]
   }
  },
  {
   "type": "Feature",
   "id": "chiller_n_07",
   "properties": {
    "kind": "chiller",
    "material": "chiller",
    "z0_m": 0.0,
    "z1_m": 2.2,
    "zone": "sales_floor",
    "provenance": "assumed: perimeter chiller line"
   },
   "geometry": {
    "type": "Polygon",
    "coordinates": [
     [
      [
       33.3,
       53.45
      ],
      [
       37.05,
       53.45
      ],
      [
       37.05,
       54.55
      ],
      [
       33.3,
       54.55
      ],
      [
       33.3,
       53.45
      ]
     ]
    ]
   }
  },
  {
   "type": "Feature",
   "id": "chiller_n_08",
   "properties": {
    "kind": "chiller",
    "material": "chiller",
    "z0_m": 0.0,
    "z1_m": 2.2,
    "zone": "sales_floor",
    "provenance": "assumed: perimeter chiller line"
   },
   "geometry": {
    "type": "Polygon",
    "coordinates": [
     [
      [
       37.2,
       53.45
      ],
      [
       40.95,
       53.45
      ],
      [
       40.95,
       54.55
      ],
      [
       37.2,
       54.55
      ],
      [
       37.2,
       53.45
      ]
     ]
    ]
   }
  },
  {
   "type": "Feature",
   "id": "chiller_n_09",
   "properties": {
    "kind": "chiller",
    "material": "chiller",
    "z0_m": 0.0,
    "z1_m": 2.2,
    "zone": "sales_floor",
    "provenance": "assumed: perimeter chiller line"
   },
   "geometry": {
    "type": "Polygon",
    "coordinates": [
     [
      [
       41.1,
       53.45
      ],
      [
       44.85,
       53.45
      ],
      [
       44.85,
       54.55
      ],
      [
       41.1,
       54.55
      ],
      [
       41.1,
       53.45
      ]
     ]
    ]
   }
  },
  {
   "type": "Feature",
   "id": "chiller_n_10",
   "properties": {
    "kind": "chiller",
    "material": "chiller",
    "z0_m": 0.0,
    "z1_m": 2.2,
    "zone": "sales_floor",
    "provenance": "assumed: perimeter chiller line"
   },
   "geometry": {
    "type": "Polygon",
    "coordinates": [
     [
      [
       45.0,
       53.45
      ],
      [
       48.75,
       53.45
      ],
      [
       48.75,
       54.55
      ],
      [
       45.0,
       54.55
      ],
      [
       45.0,
       53.45
      ]
     ]
    ]
   }
  },
  {
   "type": "Feature",
   "id": "chiller_e_00",
   "properties": {
    "kind": "chiller",
    "material": "chiller",
    "z0_m": 0.0,
    "z1_m": 2.2,
    "zone": "sales_floor",
    "provenance": "assumed: perimeter chiller line"
   },
   "geometry": {
    "type": "Polygon",
    "coordinates": [
     [
      [
       49.050000000000004,
       6.125
      ],
      [
       50.15,
       6.125
      ],
      [
       50.15,
       9.875
      ],
      [
       49.050000000000004,
       9.875
      ],
      [
       49.050000000000004,
       6.125
      ]
     ]
    ]
   }
  },
  {
   "type": "Feature",
   "id": "chiller_e_01",
   "properties": {
    "kind": "chiller",
    "material": "chiller",
    "z0_m": 0.0,
    "z1_m": 2.2,
    "zone": "sales_floor",
    "provenance": "assumed: perimeter chiller line"
   },
   "geometry": {
    "type": "Polygon",
    "coordinates": [
     [
      [
       49.050000000000004,
       10.525
      ],
      [
       50.15,
       10.525
      ],
      [
       50.15,
       14.275
      ],
      [
       49.050000000000004,
       14.275
      ],
      [
       49.050000000000004,
       10.525
      ]
     ]
    ]
   }
  },
  {
   "type": "Feature",
   "id": "chiller_e_02",
   "properties": {
    "kind": "chiller",
    "material": "chiller",
    "z0_m": 0.0,
    "z1_m": 2.2,
    "zone": "sales_floor",
    "provenance": "assumed: perimeter chiller line"
   },
   "geometry": {
    "type": "Polygon",
    "coordinates": [
     [
      [
       49.050000000000004,
       14.925
      ],
      [
       50.15,
       14.925
      ],
      [
       50.15,
       18.675
      ],
      [
       49.050000000000004,
       18.675
      ],
      [
       49.050000000000004,
       14.925
      ]
     ]
    ]
   }
  },
  {
   "type": "Feature",
   "id": "chiller_e_03",
   "properties": {
    "kind": "chiller",
    "material": "chiller",
    "z0_m": 0.0,
    "z1_m": 2.2,
    "zone": "sales_floor",
    "provenance": "assumed: perimeter chiller line"
   },
   "geometry": {
    "type": "Polygon",
    "coordinates": [
     [
      [
       49.050000000000004,
       19.325000000000003
      ],
      [
       50.15,
       19.325000000000003
      ],
      [
       50.15,
       23.075000000000003
      ],
      [
       49.050000000000004,
       23.075000000000003
      ],
      [
       49.050000000000004,
       19.325000000000003
      ]
     ]
    ]
   }
  },
  {
   "type": "Feature",
   "id": "chiller_e_04",
   "properties": {
    "kind": "chiller",
    "material": "chiller",
    "z0_m": 0.0,
    "z1_m": 2.2,
    "zone": "sales_floor",
    "provenance": "assumed: perimeter chiller line"
   },
   "geometry": {
    "type": "Polygon",
    "coordinates": [
     [
      [
       49.050000000000004,
       23.725
      ],
      [
       50.15,
       23.725
      ],
      [
       50.15,
       27.475
      ],
      [
       49.050000000000004,
       27.475
      ],
      [
       49.050000000000004,
       23.725
      ]
     ]
    ]
   }
  },
  {
   "type": "Feature",
   "id": "chiller_e_05",
   "properties": {
    "kind": "chiller",
    "material": "chiller",
    "z0_m": 0.0,
    "z1_m": 2.2,
    "zone": "sales_floor",
    "provenance": "assumed: perimeter chiller line"
   },
   "geometry": {
    "type": "Polygon",
    "coordinates": [
     [
      [
       49.050000000000004,
       28.125
      ],
      [
       50.15,
       28.125
      ],
      [
       50.15,
       31.875
      ],
      [
       49.050000000000004,
       31.875
      ],
      [
       49.050000000000004,
       28.125
      ]
     ]
    ]
   }
  },
  {
   "type": "Feature",
   "id": "chiller_e_06",
   "properties": {
    "kind": "chiller",
    "material": "chiller",
    "z0_m": 0.0,
    "z1_m": 2.2,
    "zone": "sales_floor",
    "provenance": "assumed: perimeter chiller line"
   },
   "geometry": {
    "type": "Polygon",
    "coordinates": [
     [
      [
       49.050000000000004,
       32.525000000000006
      ],
      [
       50.15,
       32.525000000000006
      ],
      [
       50.15,
       36.275000000000006
      ],
      [
       49.050000000000004,
       36.275000000000006
      ],
      [
       49.050000000000004,
       32.525000000000006
      ]
     ]
    ]
   }
  },
  {
   "type": "Feature",
   "id": "chiller_e_07",
   "properties": {
    "kind": "chiller",
    "material": "chiller",
    "z0_m": 0.0,
    "z1_m": 2.2,
    "zone": "sales_floor",
    "provenance": "assumed: perimeter chiller line"
   },
   "geometry": {
    "type": "Polygon",
    "coordinates": [
     [
      [
       49.050000000000004,
       36.925000000000004
      ],
      [
       50.15,
       36.925000000000004
      ],
      [
       50.15,
       40.675000000000004
      ],
      [
       49.050000000000004,
       40.675000000000004
      ],
      [
       49.050000000000004,
       36.925000000000004
      ]
     ]
    ]
   }
  },
  {
   "type": "Feature",
   "id": "chiller_e_08",
   "properties": {
    "kind": "chiller",
    "material": "chiller",
    "z0_m": 0.0,
    "z1_m": 2.2,
    "zone": "sales_floor",
    "provenance": "assumed: perimeter chiller line"
   },
   "geometry": {
    "type": "Polygon",
    "coordinates": [
     [
      [
       49.050000000000004,
       41.325
      ],
      [
       50.15,
       41.325
      ],
      [
       50.15,
       45.075
      ],
      [
       49.050000000000004,
       45.075
      ],
      [
       49.050000000000004,
       41.325
      ]
     ]
    ]
   }
  },
  {
   "type": "Feature",
   "id": "chiller_e_09",
   "properties": {
    "kind": "chiller",
    "material": "chiller",
    "z0_m": 0.0,
    "z1_m": 2.2,
    "zone": "sales_floor",
    "provenance": "assumed: perimeter chiller line"
   },
   "geometry": {
    "type": "Polygon",
    "coordinates": [
     [
      [
       49.050000000000004,
       45.725
      ],
      [
       50.15,
       45.725
      ],
      [
       50.15,
       49.475
      ],
      [
       49.050000000000004,
       49.475
      ],
      [
       49.050000000000004,
       45.725
      ]
     ]
    ]
   }
  },
  {
   "type": "Feature",
   "id": "produce_00",
   "properties": {
    "kind": "produce_table",
    "material": "gondola",
    "z0_m": 0.0,
    "z1_m": 1.2,
    "zone": "sales_floor",
    "provenance": "assumed: produce area"
   },
   "geometry": {
    "type": "Polygon",
    "coordinates": [
     [
      [
       43.0,
       5.3
      ],
      [
       45.0,
       5.3
      ],
      [
       45.0,
       6.7
      ],
      [
       43.0,
       6.7
      ],
      [
       43.0,
       5.3
      ]
     ]
    ]
   }
  },
  {
   "type": "Feature",
   "id": "produce_01",
   "properties": {
    "kind": "produce_table",
    "material": "gondola",
    "z0_m": 0.0,
    "z1_m": 1.2,
    "zone": "sales_floor",
    "provenance": "assumed: produce area"
   },
   "geometry": {
    "type": "Polygon",
    "coordinates": [
     [
      [
       46.2,
       5.3
      ],
      [
       48.2,
       5.3
      ],
      [
       48.2,
       6.7
      ],
      [
       46.2,
       6.7
      ],
      [
       46.2,
       5.3
      ]
     ]
    ]
   }
  },
  {
   "type": "Feature",
   "id": "produce_02",
   "properties": {
    "kind": "produce_table",
    "material": "gondola",
    "z0_m": 0.0,
    "z1_m": 1.2,
    "zone": "sales_floor",
    "provenance": "assumed: produce area"
   },
   "geometry": {
    "type": "Polygon",
    "coordinates": [
     [
      [
       43.0,
       9.3
      ],
      [
       45.0,
       9.3
      ],
      [
       45.0,
       10.7
      ],
      [
       43.0,
       10.7
      ],
      [
       43.0,
       9.3
      ]
     ]
    ]
   }
  },
  {
   "type": "Feature",
   "id": "produce_03",
   "properties": {
    "kind": "produce_table",
    "material": "gondola",
    "z0_m": 0.0,
    "z1_m": 1.2,
    "zone": "sales_floor",
    "provenance": "assumed: produce area"
   },
   "geometry": {
    "type": "Polygon",
    "coordinates": [
     [
      [
       46.2,
       9.3
      ],
      [
       48.2,
       9.3
      ],
      [
       48.2,
       10.7
      ],
      [
       46.2,
       10.7
      ],
      [
       46.2,
       9.3
      ]
     ]
    ]
   }
  },
  {
   "type": "Feature",
   "id": "produce_04",
   "properties": {
    "kind": "produce_table",
    "material": "gondola",
    "z0_m": 0.0,
    "z1_m": 1.2,
    "zone": "sales_floor",
    "provenance": "assumed: produce area"
   },
   "geometry": {
    "type": "Polygon",
    "coordinates": [
     [
      [
       43.0,
       13.3
      ],
      [
       45.0,
       13.3
      ],
      [
       45.0,
       14.7
      ],
      [
       43.0,
       14.7
      ],
      [
       43.0,
       13.3
      ]
     ]
    ]
   }
  },
  {
   "type": "Feature",
   "id": "produce_05",
   "properties": {
    "kind": "produce_table",
    "material": "gondola",
    "z0_m": 0.0,
    "z1_m": 1.2,
    "zone": "sales_floor",
    "provenance": "assumed: produce area"
   },
   "geometry": {
    "type": "Polygon",
    "coordinates": [
     [
      [
       46.2,
       13.3
      ],
      [
       48.2,
       13.3
      ],
      [
       48.2,
       14.7
      ],
      [
       46.2,
       14.7
      ],
      [
       46.2,
       13.3
      ]
     ]
    ]
   }
  },
  {
   "type": "Feature",
   "id": "produce_06",
   "properties": {
    "kind": "produce_table",
    "material": "gondola",
    "z0_m": 0.0,
    "z1_m": 1.2,
    "zone": "sales_floor",
    "provenance": "assumed: produce area"
   },
   "geometry": {
    "type": "Polygon",
    "coordinates": [
     [
      [
       43.0,
       17.3
      ],
      [
       45.0,
       17.3
      ],
      [
       45.0,
       18.7
      ],
      [
       43.0,
       18.7
      ],
      [
       43.0,
       17.3
      ]
     ]
    ]
   }
  },
  {
   "type": "Feature",
   "id": "produce_07",
   "properties": {
    "kind": "produce_table",
    "material": "gondola",
    "z0_m": 0.0,
    "z1_m": 1.2,
    "zone": "sales_floor",
    "provenance": "assumed: produce area"
   },
   "geometry": {
    "type": "Polygon",
    "coordinates": [
     [
      [
       46.2,
       17.3
      ],
      [
       48.2,
       17.3
      ],
      [
       48.2,
       18.7
      ],
      [
       46.2,
       18.7
      ],
      [
       46.2,
       17.3
      ]
     ]
    ]
   }
  },
  {
   "type": "Feature",
   "id": "checkout_00",
   "properties": {
    "kind": "checkout",
    "material": "gondola",
    "z0_m": 0.0,
    "z1_m": 1.1,
    "zone": "sales_floor",
    "provenance": "assumed: 12 lanes, west wall"
   },
   "geometry": {
    "type": "Polygon",
    "coordinates": [
     [
      [
       1.8,
       5.5
      ],
      [
       4.2,
       5.5
      ],
      [
       4.2,
       6.5
      ],
      [
       1.8,
       6.5
      ],
      [
       1.8,
       5.5
      ]
     ]
    ]
   }
  },
  {
   "type": "Feature",
   "id": "checkout_01",
   "properties": {
    "kind": "checkout",
    "material": "gondola",
    "z0_m": 0.0,
    "z1_m": 1.1,
    "zone": "sales_floor",
    "provenance": "assumed: 12 lanes, west wall"
   },
   "geometry": {
    "type": "Polygon",
    "coordinates": [
     [
      [
       1.8,
       9.1
      ],
      [
       4.2,
       9.1
      ],
      [
       4.2,
       10.1
      ],
      [
       1.8,
       10.1
      ],
      [
       1.8,
       9.1
      ]
     ]
    ]
   }
  },
  {
   "type": "Feature",
   "id": "checkout_02",
   "properties": {
    "kind": "checkout",
    "material": "gondola",
    "z0_m": 0.0,
    "z1_m": 1.1,
    "zone": "sales_floor",
    "provenance": "assumed: 12 lanes, west wall"
   },
   "geometry": {
    "type": "Polygon",
    "coordinates": [
     [
      [
       1.8,
       12.7
      ],
      [
       4.2,
       12.7
      ],
      [
       4.2,
       13.7
      ],
      [
       1.8,
       13.7
      ],
      [
       1.8,
       12.7
      ]
     ]
    ]
   }
  },
  {
   "type": "Feature",
   "id": "checkout_03",
   "properties": {
    "kind": "checkout",
    "material": "gondola",
    "z0_m": 0.0,
    "z1_m": 1.1,
    "zone": "sales_floor",
    "provenance": "assumed: 12 lanes, west wall"
   },
   "geometry": {
    "type": "Polygon",
    "coordinates": [
     [
      [
       1.8,
       16.3
      ],
      [
       4.2,
       16.3
      ],
      [
       4.2,
       17.3
      ],
      [
       1.8,
       17.3
      ],
      [
       1.8,
       16.3
      ]
     ]
    ]
   }
  },
  {
   "type": "Feature",
   "id": "checkout_04",
   "properties": {
    "kind": "checkout",
    "material": "gondola",
    "z0_m": 0.0,
    "z1_m": 1.1,
    "zone": "sales_floor",
    "provenance": "assumed: 12 lanes, west wall"
   },
   "geometry": {
    "type": "Polygon",
    "coordinates": [
     [
      [
       1.8,
       19.9
      ],
      [
       4.2,
       19.9
      ],
      [
       4.2,
       20.9
      ],
      [
       1.8,
       20.9
      ],
      [
       1.8,
       19.9
      ]
     ]
    ]
   }
  },
  {
   "type": "Feature",
   "id": "checkout_05",
   "properties": {
    "kind": "checkout",
    "material": "gondola",
    "z0_m": 0.0,
    "z1_m": 1.1,
    "zone": "sales_floor",
    "provenance": "assumed: 12 lanes, west wall"
   },
   "geometry": {
    "type": "Polygon",
    "coordinates": [
     [
      [
       1.8,
       23.5
      ],
      [
       4.2,
       23.5
      ],
      [
       4.2,
       24.5
      ],
      [
       1.8,
       24.5
      ],
      [
       1.8,
       23.5
      ]
     ]
    ]
   }
  },
  {
   "type": "Feature",
   "id": "checkout_06",
   "properties": {
    "kind": "checkout",
    "material": "gondola",
    "z0_m": 0.0,
    "z1_m": 1.1,
    "zone": "sales_floor",
    "provenance": "assumed: 12 lanes, west wall"
   },
   "geometry": {
    "type": "Polygon",
    "coordinates": [
     [
      [
       1.8,
       27.1
      ],
      [
       4.2,
       27.1
      ],
      [
       4.2,
       28.1
      ],
      [
       1.8,
       28.1
      ],
      [
       1.8,
       27.1
      ]
     ]
    ]
   }
  },
  {
   "type": "Feature",
   "id": "checkout_07",
   "properties": {
    "kind": "checkout",
    "material": "gondola",
    "z0_m": 0.0,
    "z1_m": 1.1,
    "zone": "sales_floor",
    "provenance": "assumed: 12 lanes, west wall"
   },
   "geometry": {
    "type": "Polygon",
    "coordinates": [
     [
      [
       1.8,
       30.7
      ],
      [
       4.2,
       30.7
      ],
      [
       4.2,
       31.7
      ],
      [
       1.8,
       31.7
      ],
      [
       1.8,
       30.7
      ]
     ]
    ]
   }
  },
  {
   "type": "Feature",
   "id": "checkout_08",
   "properties": {
    "kind": "checkout",
    "material": "gondola",
    "z0_m": 0.0,
    "z1_m": 1.1,
    "zone": "sales_floor",
    "provenance": "assumed: 12 lanes, west wall"
   },
   "geometry": {
    "type": "Polygon",
    "coordinates": [
     [
      [
       1.8,
       34.3
      ],
      [
       4.2,
       34.3
      ],
      [
       4.2,
       35.3
      ],
      [
       1.8,
       35.3
      ],
      [
       1.8,
       34.3
      ]
     ]
    ]
   }
  },
  {
   "type": "Feature",
   "id": "checkout_09",
   "properties": {
    "kind": "checkout",
    "material": "gondola",
    "z0_m": 0.0,
    "z1_m": 1.1,
    "zone": "sales_floor",
    "provenance": "assumed: 12 lanes, west wall"
   },
   "geometry": {
    "type": "Polygon",
    "coordinates": [
     [
      [
       1.8,
       37.9
      ],
      [
       4.2,
       37.9
      ],
      [
       4.2,
       38.9
      ],
      [
       1.8,
       38.9
      ],
      [
       1.8,
       37.9
      ]
     ]
    ]
   }
  },
  {
   "type": "Feature",
   "id": "checkout_10",
   "properties": {
    "kind": "checkout",
    "material": "gondola",
    "z0_m": 0.0,
    "z1_m": 1.1,
    "zone": "sales_floor",
    "provenance": "assumed: 12 lanes, west wall"
   },
   "geometry": {
    "type": "Polygon",
    "coordinates": [
     [
      [
       1.8,
       41.5
      ],
      [
       4.2,
       41.5
      ],
      [
       4.2,
       42.5
      ],
      [
       1.8,
       42.5
      ],
      [
       1.8,
       41.5
      ]
     ]
    ]
   }
  },
  {
   "type": "Feature",
   "id": "checkout_11",
   "properties": {
    "kind": "checkout",
    "material": "gondola",
    "z0_m": 0.0,
    "z1_m": 1.1,
    "zone": "sales_floor",
    "provenance": "assumed: 12 lanes, west wall"
   },
   "geometry": {
    "type": "Polygon",
    "coordinates": [
     [
      [
       1.8,
       45.1
      ],
      [
       4.2,
       45.1
      ],
      [
       4.2,
       46.1
      ],
      [
       1.8,
       46.1
      ],
      [
       1.8,
       45.1
      ]
     ]
    ]
   }
  },
  {
   "type": "Feature",
   "id": "gate_entry",
   "properties": {
    "kind": "gate",
    "material": "gate",
    "z0_m": 0.0,
    "z1_m": 1.2,
    "zone": "sales_floor",
    "provenance": "assumed: south entrance"
   },
   "geometry": {
    "type": "Polygon",
    "coordinates": [
     [
      [
       8.5,
       0.39999999999999997
      ],
      [
       11.5,
       0.39999999999999997
      ],
      [
       11.5,
       0.8
      ],
      [
       8.5,
       0.8
      ],
      [
       8.5,
       0.39999999999999997
      ]
     ]
    ]
   }
  },
  {
   "type": "Feature",
   "id": "gate_exit_0",
   "properties": {
    "kind": "gate",
    "material": "gate",
    "z0_m": 0.0,
    "z1_m": 1.2,
    "zone": "sales_floor",
    "provenance": "assumed: south exit"
   },
   "geometry": {
    "type": "Polygon",
    "coordinates": [
     [
      [
       14.5,
       0.39999999999999997
      ],
      [
       17.5,
       0.39999999999999997
      ],
      [
       17.5,
       0.8
      ],
      [
       14.5,
       0.8
      ],
      [
       14.5,
       0.39999999999999997
      ]
     ]
    ]
   }
  },
  {
   "type": "Feature",
   "id": "gate_exit_1",
   "properties": {
    "kind": "gate",
    "material": "gate",
    "z0_m": 0.0,
    "z1_m": 1.2,
    "zone": "sales_floor",
    "provenance": "assumed: south exit"
   },
   "geometry": {
    "type": "Polygon",
    "coordinates": [
     [
      [
       18.5,
       0.39999999999999997
      ],
      [
       21.5,
       0.39999999999999997
      ],
      [
       21.5,
       0.8
      ],
      [
       18.5,
       0.8
      ],
      [
       18.5,
       0.39999999999999997
      ]
     ]
    ]
   }
  },
  {
   "type": "Feature",
   "id": "cart_dock",
   "properties": {
    "kind": "cart_dock",
    "material": "gate",
    "z0_m": 0.0,
    "z1_m": 1.2,
    "zone": "sales_floor",
    "provenance": "assumed: cart corral at entrance"
   },
   "geometry": {
    "type": "Polygon",
    "coordinates": [
     [
      [
       3.0,
       0.75
      ],
      [
       7.0,
       0.75
      ],
      [
       7.0,
       2.25
      ],
      [
       3.0,
       2.25
      ],
      [
       3.0,
       0.75
      ]
     ]
    ]
   }
  },
  {
   "type": "Feature",
   "id": "cold_room_0",
   "properties": {
    "kind": "cold_room",
    "material": "cold_room",
    "z0_m": 0.0,
    "z1_m": 3.5,
    "zone": "back_of_house",
    "provenance": "assumed: cold chain block"
   },
   "geometry": {
    "type": "Polygon",
    "coordinates": [
     [
      [
       52.0,
       41.0
      ],
      [
       60.0,
       41.0
      ],
      [
       60.0,
       51.0
      ],
      [
       52.0,
       51.0
      ],
      [
       52.0,
       41.0
      ]
     ]
    ]
   }
  },
  {
   "type": "Feature",
   "id": "cold_room_1",
   "properties": {
    "kind": "cold_room",
    "material": "cold_room",
    "z0_m": 0.0,
    "z1_m": 3.5,
    "zone": "back_of_house",
    "provenance": "assumed: cold chain block"
   },
   "geometry": {
    "type": "Polygon",
    "coordinates": [
     [
      [
       62.0,
       41.0
      ],
      [
       70.0,
       41.0
      ],
      [
       70.0,
       51.0
      ],
      [
       62.0,
       51.0
      ],
      [
       62.0,
       41.0
      ]
     ]
    ]
   }
  },
  {
   "type": "Feature",
   "id": "cold_room_2",
   "properties": {
    "kind": "cold_room",
    "material": "cold_room",
    "z0_m": 0.0,
    "z1_m": 3.5,
    "zone": "back_of_house",
    "provenance": "assumed: cold chain block"
   },
   "geometry": {
    "type": "Polygon",
    "coordinates": [
     [
      [
       52.0,
       30.0
      ],
      [
       60.0,
       30.0
      ],
      [
       60.0,
       38.0
      ],
      [
       52.0,
       38.0
      ],
      [
       52.0,
       30.0
      ]
     ]
    ]
   }
  },
  {
   "type": "Feature",
   "id": "cold_room_3",
   "properties": {
    "kind": "cold_room",
    "material": "cold_room",
    "z0_m": 0.0,
    "z1_m": 3.5,
    "zone": "back_of_house",
    "provenance": "assumed: cold chain block"
   },
   "geometry": {
    "type": "Polygon",
    "coordinates": [
     [
      [
       62.0,
       30.0
      ],
      [
       70.0,
       30.0
      ],
      [
       70.0,
       38.0
      ],
      [
       62.0,
       38.0
      ],
      [
       62.0,
       30.0
      ]
     ]
    ]
   }
  },
  {
   "type": "Feature",
   "id": "rack_r0_s0",
   "properties": {
    "kind": "racking",
    "material": "racking",
    "z0_m": 0.0,
    "z1_m": 4.0,
    "zone": "warehouse",
    "provenance": "assumed: pallet racking"
   },
   "geometry": {
    "type": "Polygon",
    "coordinates": [
     [
      [
       73.9,
       15.3
      ],
      [
       78.1,
       15.3
      ],
      [
       78.1,
       16.7
      ],
      [
       73.9,
       16.7
      ],
      [
       73.9,
       15.3
      ]
     ]
    ]
   }
  },
  {
   "type": "Feature",
   "id": "rack_r0_s1",
   "properties": {
    "kind": "racking",
    "material": "racking",
    "z0_m": 0.0,
    "z1_m": 4.0,
    "zone": "warehouse",
    "provenance": "assumed: pallet racking"
   },
   "geometry": {
    "type": "Polygon",
    "coordinates": [
     [
      [
       78.5,
       15.3
      ],
      [
       82.69999999999999,
       15.3
      ],
      [
       82.69999999999999,
       16.7
      ],
      [
       78.5,
       16.7
      ],
      [
       78.5,
       15.3
      ]
     ]
    ]
   }
  },
  {
   "type": "Feature",
   "id": "rack_r1_s0",
   "properties": {
    "kind": "racking",
    "material": "racking",
    "z0_m": 0.0,
    "z1_m": 4.0,
    "zone": "warehouse",
    "provenance": "assumed: pallet racking"
   },
   "geometry": {
    "type": "Polygon",
    "coordinates": [
     [
      [
       73.9,
       19.900000000000002
      ],
      [
       78.1,
       19.900000000000002
      ],
      [
       78.1,
       21.3
      ],
      [
       73.9,
       21.3
      ],
      [
       73.9,
       19.900000000000002
      ]
     ]
    ]
   }
  },
  {
   "type": "Feature",
   "id": "rack_r1_s1",
   "properties": {
    "kind": "racking",
    "material": "racking",
    "z0_m": 0.0,
    "z1_m": 4.0,
    "zone": "warehouse",
    "provenance": "assumed: pallet racking"
   },
   "geometry": {
    "type": "Polygon",
    "coordinates": [
     [
      [
       78.5,
       19.900000000000002
      ],
      [
       82.69999999999999,
       19.900000000000002
      ],
      [
       82.69999999999999,
       21.3
      ],
      [
       78.5,
       21.3
      ],
      [
       78.5,
       19.900000000000002
      ]
     ]
    ]
   }
  },
  {
   "type": "Feature",
   "id": "rack_r1_s2",
   "properties": {
    "kind": "racking",
    "material": "racking",
    "z0_m": 0.0,
    "z1_m": 4.0,
    "zone": "warehouse",
    "provenance": "assumed: pallet racking"
   },
   "geometry": {
    "type": "Polygon",
    "coordinates": [
     [
      [
       83.10000000000001,
       19.900000000000002
      ],
      [
       87.3,
       19.900000000000002
      ],
      [
       87.3,
       21.3
      ],
      [
       83.10000000000001,
       21.3
      ],
      [
       83.10000000000001,
       19.900000000000002
      ]
     ]
    ]
   }
  },
  {
   "type": "Feature",
   "id": "rack_r1_s3",
   "properties": {
    "kind": "racking",
    "material": "racking",
    "z0_m": 0.0,
    "z1_m": 4.0,
    "zone": "warehouse",
    "provenance": "assumed: pallet racking"
   },
   "geometry": {
    "type": "Polygon",
    "coordinates": [
     [
      [
       87.7,
       19.900000000000002
      ],
      [
       91.89999999999999,
       19.900000000000002
      ],
      [
       91.89999999999999,
       21.3
      ],
      [
       87.7,
       21.3
      ],
      [
       87.7,
       19.900000000000002
      ]
     ]
    ]
   }
  },
  {
   "type": "Feature",
   "id": "rack_r2_s0",
   "properties": {
    "kind": "racking",
    "material": "racking",
    "z0_m": 0.0,
    "z1_m": 4.0,
    "zone": "warehouse",
    "provenance": "assumed: pallet racking"
   },
   "geometry": {
    "type": "Polygon",
    "coordinates": [
     [
      [
       73.9,
       24.5
      ],
      [
       78.1,
       24.5
      ],
      [
       78.1,
       25.9
      ],
      [
       73.9,
       25.9
      ],
      [
       73.9,
       24.5
      ]
     ]
    ]
   }
  },
  {
   "type": "Feature",
   "id": "rack_r2_s1",
   "properties": {
    "kind": "racking",
    "material": "racking",
    "z0_m": 0.0,
    "z1_m": 4.0,
    "zone": "warehouse",
    "provenance": "assumed: pallet racking"
   },
   "geometry": {
    "type": "Polygon",
    "coordinates": [
     [
      [
       78.5,
       24.5
      ],
      [
       82.69999999999999,
       24.5
      ],
      [
       82.69999999999999,
       25.9
      ],
      [
       78.5,
       25.9
      ],
      [
       78.5,
       24.5
      ]
     ]
    ]
   }
  },
  {
   "type": "Feature",
   "id": "rack_r2_s2",
   "properties": {
    "kind": "racking",
    "material": "racking",
    "z0_m": 0.0,
    "z1_m": 4.0,
    "zone": "warehouse",
    "provenance": "assumed: pallet racking"
   },
   "geometry": {
    "type": "Polygon",
    "coordinates": [
     [
      [
       83.10000000000001,
       24.5
      ],
      [
       87.3,
       24.5
      ],
      [
       87.3,
       25.9
      ],
      [
       83.10000000000001,
       25.9
      ],
      [
       83.10000000000001,
       24.5
      ]
     ]
    ]
   }
  },
  {
   "type": "Feature",
   "id": "rack_r2_s3",
   "properties": {
    "kind": "racking",
    "material": "racking",
    "z0_m": 0.0,
    "z1_m": 4.0,
    "zone": "warehouse",
    "provenance": "assumed: pallet racking"
   },
   "geometry": {
    "type": "Polygon",
    "coordinates": [
     [
      [
       87.7,
       24.5
      ],
      [
       91.89999999999999,
       24.5
      ],
      [
       91.89999999999999,
       25.9
      ],
      [
       87.7,
       25.9
      ],
      [
       87.7,
       24.5
      ]
     ]
    ]
   }
  },
  {
   "type": "Feature",
   "id": "rack_r2_s4",
   "properties": {
    "kind": "racking",
    "material": "racking",
    "z0_m": 0.0,
    "z1_m": 4.0,
    "zone": "warehouse",
    "provenance": "assumed: pallet racking"
   },
   "geometry": {
    "type": "Polygon",
    "coordinates": [
     [
      [
       92.30000000000001,
       24.5
      ],
      [
       96.5,
       24.5
      ],
      [
       96.5,
       25.9
      ],
      [
       92.30000000000001,
       25.9
      ],
      [
       92.30000000000001,
       24.5
      ]
     ]
    ]
   }
  },
  {
   "type": "Feature",
   "id": "rack_r3_s0",
   "properties": {
    "kind": "racking",
    "material": "racking",
    "z0_m": 0.0,
    "z1_m": 4.0,
    "zone": "warehouse",
    "provenance": "assumed: pallet racking"
   },
   "geometry": {
    "type": "Polygon",
    "coordinates": [
     [
      [
       73.9,
       29.099999999999998
      ],
      [
       78.1,
       29.099999999999998
      ],
      [
       78.1,
       30.499999999999996
      ],
      [
       73.9,
       30.499999999999996
      ],
      [
       73.9,
       29.099999999999998
      ]
     ]
    ]
   }
  },
  {
   "type": "Feature",
   "id": "rack_r3_s1",
   "properties": {
    "kind": "racking",
    "material": "racking",
    "z0_m": 0.0,
    "z1_m": 4.0,
    "zone": "warehouse",
    "provenance": "assumed: pallet racking"
   },
   "geometry": {
    "type": "Polygon",
    "coordinates": [
     [
      [
       78.5,
       29.099999999999998
      ],
      [
       82.69999999999999,
       29.099999999999998
      ],
      [
       82.69999999999999,
       30.499999999999996
      ],
      [
       78.5,
       30.499999999999996
      ],
      [
       78.5,
       29.099999999999998
      ]
     ]
    ]
   }
  },
  {
   "type": "Feature",
   "id": "rack_r3_s2",
   "properties": {
    "kind": "racking",
    "material": "racking",
    "z0_m": 0.0,
    "z1_m": 4.0,
    "zone": "warehouse",
    "provenance": "assumed: pallet racking"
   },
   "geometry": {
    "type": "Polygon",
    "coordinates": [
     [
      [
       83.10000000000001,
       29.099999999999998
      ],
      [
       87.3,
       29.099999999999998
      ],
      [
       87.3,
       30.499999999999996
      ],
      [
       83.10000000000001,
       30.499999999999996
      ],
      [
       83.10000000000001,
       29.099999999999998
      ]
     ]
    ]
   }
  },
  {
   "type": "Feature",
   "id": "rack_r3_s3",
   "properties": {
    "kind": "racking",
    "material": "racking",
    "z0_m": 0.0,
    "z1_m": 4.0,
    "zone": "warehouse",
    "provenance": "assumed: pallet racking"
   },
   "geometry": {
    "type": "Polygon",
    "coordinates": [
     [
      [
       87.7,
       29.099999999999998
      ],
      [
       91.89999999999999,
       29.099999999999998
      ],
      [
       91.89999999999999,
       30.499999999999996
      ],
      [
       87.7,
       30.499999999999996
      ],
      [
       87.7,
       29.099999999999998
      ]
     ]
    ]
   }
  },
  {
   "type": "Feature",
   "id": "rack_r3_s4",
   "properties": {
    "kind": "racking",
    "material": "racking",
    "z0_m": 0.0,
    "z1_m": 4.0,
    "zone": "warehouse",
    "provenance": "assumed: pallet racking"
   },
   "geometry": {
    "type": "Polygon",
    "coordinates": [
     [
      [
       92.30000000000001,
       29.099999999999998
      ],
      [
       96.5,
       29.099999999999998
      ],
      [
       96.5,
       30.499999999999996
      ],
      [
       92.30000000000001,
       30.499999999999996
      ],
      [
       92.30000000000001,
       29.099999999999998
      ]
     ]
    ]
   }
  },
  {
   "type": "Feature",
   "id": "rack_r4_s0",
   "properties": {
    "kind": "racking",
    "material": "racking",
    "z0_m": 0.0,
    "z1_m": 4.0,
    "zone": "warehouse",
    "provenance": "assumed: pallet racking"
   },
   "geometry": {
    "type": "Polygon",
    "coordinates": [
     [
      [
       73.9,
       33.699999999999996
      ],
      [
       78.1,
       33.699999999999996
      ],
      [
       78.1,
       35.1
      ],
      [
       73.9,
       35.1
      ],
      [
       73.9,
       33.699999999999996
      ]
     ]
    ]
   }
  },
  {
   "type": "Feature",
   "id": "rack_r4_s1",
   "properties": {
    "kind": "racking",
    "material": "racking",
    "z0_m": 0.0,
    "z1_m": 4.0,
    "zone": "warehouse",
    "provenance": "assumed: pallet racking"
   },
   "geometry": {
    "type": "Polygon",
    "coordinates": [
     [
      [
       78.5,
       33.699999999999996
      ],
      [
       82.69999999999999,
       33.699999999999996
      ],
      [
       82.69999999999999,
       35.1
      ],
      [
       78.5,
       35.1
      ],
      [
       78.5,
       33.699999999999996
      ]
     ]
    ]
   }
  },
  {
   "type": "Feature",
   "id": "rack_r4_s2",
   "properties": {
    "kind": "racking",
    "material": "racking",
    "z0_m": 0.0,
    "z1_m": 4.0,
    "zone": "warehouse",
    "provenance": "assumed: pallet racking"
   },
   "geometry": {
    "type": "Polygon",
    "coordinates": [
     [
      [
       83.10000000000001,
       33.699999999999996
      ],
      [
       87.3,
       33.699999999999996
      ],
      [
       87.3,
       35.1
      ],
      [
       83.10000000000001,
       35.1
      ],
      [
       83.10000000000001,
       33.699999999999996
      ]
     ]
    ]
   }
  },
  {
   "type": "Feature",
   "id": "rack_r4_s3",
   "properties": {
    "kind": "racking",
    "material": "racking",
    "z0_m": 0.0,
    "z1_m": 4.0,
    "zone": "warehouse",
    "provenance": "assumed: pallet racking"
   },
   "geometry": {
    "type": "Polygon",
    "coordinates": [
     [
      [
       87.7,
       33.699999999999996
      ],
      [
       91.89999999999999,
       33.699999999999996
      ],
      [
       91.89999999999999,
       35.1
      ],
      [
       87.7,
       35.1
      ],
      [
       87.7,
       33.699999999999996
      ]
     ]
    ]
   }
  },
  {
   "type": "Feature",
   "id": "rack_r4_s4",
   "properties": {
    "kind": "racking",
    "material": "racking",
    "z0_m": 0.0,
    "z1_m": 4.0,
    "zone": "warehouse",
    "provenance": "assumed: pallet racking"
   },
   "geometry": {
    "type": "Polygon",
    "coordinates": [
     [
      [
       92.30000000000001,
       33.699999999999996
      ],
      [
       96.5,
       33.699999999999996
      ],
      [
       96.5,
       35.1
      ],
      [
       92.30000000000001,
       35.1
      ],
      [
       92.30000000000001,
       33.699999999999996
      ]
     ]
    ]
   }
  },
  {
   "type": "Feature",
   "id": "rack_r5_s0",
   "properties": {
    "kind": "racking",
    "material": "racking",
    "z0_m": 0.0,
    "z1_m": 4.0,
    "zone": "warehouse",
    "provenance": "assumed: pallet racking"
   },
   "geometry": {
    "type": "Polygon",
    "coordinates": [
     [
      [
       73.9,
       38.3
      ],
      [
       78.1,
       38.3
      ],
      [
       78.1,
       39.7
      ],
      [
       73.9,
       39.7
      ],
      [
       73.9,
       38.3
      ]
     ]
    ]
   }
  },
  {
   "type": "Feature",
   "id": "rack_r5_s1",
   "properties": {
    "kind": "racking",
    "material": "racking",
    "z0_m": 0.0,
    "z1_m": 4.0,
    "zone": "warehouse",
    "provenance": "assumed: pallet racking"
   },
   "geometry": {
    "type": "Polygon",
    "coordinates": [
     [
      [
       78.5,
       38.3
      ],
      [
       82.69999999999999,
       38.3
      ],
      [
       82.69999999999999,
       39.7
      ],
      [
       78.5,
       39.7
      ],
      [
       78.5,
       38.3
      ]
     ]
    ]
   }
  },
  {
   "type": "Feature",
   "id": "rack_r5_s2",
   "properties": {
    "kind": "racking",
    "material": "racking",
    "z0_m": 0.0,
    "z1_m": 4.0,
    "zone": "warehouse",
    "provenance": "assumed: pallet racking"
   },
   "geometry": {
    "type": "Polygon",
    "coordinates": [
     [
      [
       83.10000000000001,
       38.3
      ],
      [
       87.3,
       38.3
      ],
      [
       87.3,
       39.7
      ],
      [
       83.10000000000001,
       39.7
      ],
      [
       83.10000000000001,
       38.3
      ]
     ]
    ]
   }
  },
  {
   "type": "Feature",
   "id": "rack_r5_s3",
   "properties": {
    "kind": "racking",
    "material": "racking",
    "z0_m": 0.0,
    "z1_m": 4.0,
    "zone": "warehouse",
    "provenance": "assumed: pallet racking"
   },
   "geometry": {
    "type": "Polygon",
    "coordinates": [
     [
      [
       87.7,
       38.3
      ],
      [
       91.89999999999999,
       38.3
      ],
      [
       91.89999999999999,
       39.7
      ],
      [
       87.7,
       39.7
      ],
      [
       87.7,
       38.3
      ]
     ]
    ]
   }
  },
  {
   "type": "Feature",
   "id": "rack_r5_s4",
   "properties": {
    "kind": "racking",
    "material": "racking",
    "z0_m": 0.0,
    "z1_m": 4.0,
    "zone": "warehouse",
    "provenance": "assumed: pallet racking"
   },
   "geometry": {
    "type": "Polygon",
    "coordinates": [
     [
      [
       92.30000000000001,
       38.3
      ],
      [
       96.5,
       38.3
      ],
      [
       96.5,
       39.7
      ],
      [
       92.30000000000001,
       39.7
      ],
      [
       92.30000000000001,
       38.3
      ]
     ]
    ]
   }
  },
  {
   "type": "Feature",
   "id": "rack_r6_s0",
   "properties": {
    "kind": "racking",
    "material": "racking",
    "z0_m": 0.0,
    "z1_m": 4.0,
    "zone": "warehouse",
    "provenance": "assumed: pallet racking"
   },
   "geometry": {
    "type": "Polygon",
    "coordinates": [
     [
      [
       73.9,
       42.89999999999999
      ],
      [
       78.1,
       42.89999999999999
      ],
      [
       78.1,
       44.3
      ],
      [
       73.9,
       44.3
      ],
      [
       73.9,
       42.89999999999999
      ]
     ]
    ]
   }
  },
  {
   "type": "Feature",
   "id": "rack_r6_s1",
   "properties": {
    "kind": "racking",
    "material": "racking",
    "z0_m": 0.0,
    "z1_m": 4.0,
    "zone": "warehouse",
    "provenance": "assumed: pallet racking"
   },
   "geometry": {
    "type": "Polygon",
    "coordinates": [
     [
      [
       78.5,
       42.89999999999999
      ],
      [
       82.69999999999999,
       42.89999999999999
      ],
      [
       82.69999999999999,
       44.3
      ],
      [
       78.5,
       44.3
      ],
      [
       78.5,
       42.89999999999999
      ]
     ]
    ]
   }
  },
  {
   "type": "Feature",
   "id": "rack_r6_s2",
   "properties": {
    "kind": "racking",
    "material": "racking",
    "z0_m": 0.0,
    "z1_m": 4.0,
    "zone": "warehouse",
    "provenance": "assumed: pallet racking"
   },
   "geometry": {
    "type": "Polygon",
    "coordinates": [
     [
      [
       83.10000000000001,
       42.89999999999999
      ],
      [
       87.3,
       42.89999999999999
      ],
      [
       87.3,
       44.3
      ],
      [
       83.10000000000001,
       44.3
      ],
      [
       83.10000000000001,
       42.89999999999999
      ]
     ]
    ]
   }
  },
  {
   "type": "Feature",
   "id": "rack_r6_s3",
   "properties": {
    "kind": "racking",
    "material": "racking",
    "z0_m": 0.0,
    "z1_m": 4.0,
    "zone": "warehouse",
    "provenance": "assumed: pallet racking"
   },
   "geometry": {
    "type": "Polygon",
    "coordinates": [
     [
      [
       87.7,
       42.89999999999999
      ],
      [
       91.89999999999999,
       42.89999999999999
      ],
      [
       91.89999999999999,
       44.3
      ],
      [
       87.7,
       44.3
      ],
      [
       87.7,
       42.89999999999999
      ]
     ]
    ]
   }
  },
  {
   "type": "Feature",
   "id": "rack_r6_s4",
   "properties": {
    "kind": "racking",
    "material": "racking",
    "z0_m": 0.0,
    "z1_m": 4.0,
    "zone": "warehouse",
    "provenance": "assumed: pallet racking"
   },
   "geometry": {
    "type": "Polygon",
    "coordinates": [
     [
      [
       92.30000000000001,
       42.89999999999999
      ],
      [
       96.5,
       42.89999999999999
      ],
      [
       96.5,
       44.3
      ],
      [
       92.30000000000001,
       44.3
      ],
      [
       92.30000000000001,
       42.89999999999999
      ]
     ]
    ]
   }
  },
  {
   "type": "Feature",
   "id": "rack_r7_s0",
   "properties": {
    "kind": "racking",
    "material": "racking",
    "z0_m": 0.0,
    "z1_m": 4.0,
    "zone": "warehouse",
    "provenance": "assumed: pallet racking"
   },
   "geometry": {
    "type": "Polygon",
    "coordinates": [
     [
      [
       73.9,
       47.49999999999999
      ],
      [
       78.1,
       47.49999999999999
      ],
      [
       78.1,
       48.9
      ],
      [
       73.9,
       48.9
      ],
      [
       73.9,
       47.49999999999999
      ]
     ]
    ]
   }
  },
  {
   "type": "Feature",
   "id": "rack_r7_s1",
   "properties": {
    "kind": "racking",
    "material": "racking",
    "z0_m": 0.0,
    "z1_m": 4.0,
    "zone": "warehouse",
    "provenance": "assumed: pallet racking"
   },
   "geometry": {
    "type": "Polygon",
    "coordinates": [
     [
      [
       78.5,
       47.49999999999999
      ],
      [
       82.69999999999999,
       47.49999999999999
      ],
      [
       82.69999999999999,
       48.9
      ],
      [
       78.5,
       48.9
      ],
      [
       78.5,
       47.49999999999999
      ]
     ]
    ]
   }
  },
  {
   "type": "Feature",
   "id": "rack_r7_s2",
   "properties": {
    "kind": "racking",
    "material": "racking",
    "z0_m": 0.0,
    "z1_m": 4.0,
    "zone": "warehouse",
    "provenance": "assumed: pallet racking"
   },
   "geometry": {
    "type": "Polygon",
    "coordinates": [
     [
      [
       83.10000000000001,
       47.49999999999999
      ],
      [
       87.3,
       47.49999999999999
      ],
      [
       87.3,
       48.9
      ],
      [
       83.10000000000001,
       48.9
      ],
      [
       83.10000000000001,
       47.49999999999999
      ]
     ]
    ]
   }
  },
  {
   "type": "Feature",
   "id": "rack_r7_s3",
   "properties": {
    "kind": "racking",
    "material": "racking",
    "z0_m": 0.0,
    "z1_m": 4.0,
    "zone": "warehouse",
    "provenance": "assumed: pallet racking"
   },
   "geometry": {
    "type": "Polygon",
    "coordinates": [
     [
      [
       87.7,
       47.49999999999999
      ],
      [
       91.89999999999999,
       47.49999999999999
      ],
      [
       91.89999999999999,
       48.9
      ],
      [
       87.7,
       48.9
      ],
      [
       87.7,
       47.49999999999999
      ]
     ]
    ]
   }
  },
  {
   "type": "Feature",
   "id": "rack_r7_s4",
   "properties": {
    "kind": "racking",
    "material": "racking",
    "z0_m": 0.0,
    "z1_m": 4.0,
    "zone": "warehouse",
    "provenance": "assumed: pallet racking"
   },
   "geometry": {
    "type": "Polygon",
    "coordinates": [
     [
      [
       92.30000000000001,
       47.49999999999999
      ],
      [
       96.5,
       47.49999999999999
      ],
      [
       96.5,
       48.9
      ],
      [
       92.30000000000001,
       48.9
      ],
      [
       92.30000000000001,
       47.49999999999999
      ]
     ]
    ]
   }
  },
  {
   "type": "Feature",
   "id": "prep_meat",
   "properties": {
    "kind": "room",
    "material": "wall",
    "z0_m": 0.0,
    "z1_m": 3.0,
    "zone": "back_of_house",
    "provenance": "assumed: BOH rooms"
   },
   "geometry": {
    "type": "Polygon",
    "coordinates": [
     [
      [
       51.0,
       20.0
      ],
      [
       57.0,
       20.0
      ],
      [
       57.0,
       28.0
      ],
      [
       51.0,
       28.0
      ],
      [
       51.0,
       20.0
      ]
     ]
    ]
   }
  },
  {
   "type": "Feature",
   "id": "prep_bakery",
   "properties": {
    "kind": "room",
    "material": "wall",
    "z0_m": 0.0,
    "z1_m": 3.0,
    "zone": "back_of_house",
    "provenance": "assumed: BOH rooms"
   },
   "geometry": {
    "type": "Polygon",
    "coordinates": [
     [
      [
       51.0,
       8.0
      ],
      [
       57.0,
       8.0
      ],
      [
       57.0,
       16.0
      ],
      [
       51.0,
       16.0
      ],
      [
       51.0,
       8.0
      ]
     ]
    ]
   }
  },
  {
   "type": "Feature",
   "id": "prep_deli",
   "properties": {
    "kind": "room",
    "material": "wall",
    "z0_m": 0.0,
    "z1_m": 3.0,
    "zone": "back_of_house",
    "provenance": "assumed: BOH rooms"
   },
   "geometry": {
    "type": "Polygon",
    "coordinates": [
     [
      [
       59.0,
       20.0
      ],
      [
       65.0,
       20.0
      ],
      [
       65.0,
       28.0
      ],
      [
       59.0,
       28.0
      ],
      [
       59.0,
       20.0
      ]
     ]
    ]
   }
  },
  {
   "type": "Feature",
   "id": "office",
   "properties": {
    "kind": "room",
    "material": "wall",
    "z0_m": 0.0,
    "z1_m": 3.0,
    "zone": "back_of_house",
    "provenance": "assumed: BOH rooms"
   },
   "geometry": {
    "type": "Polygon",
    "coordinates": [
     [
      [
       59.0,
       9.0
      ],
      [
       65.0,
       9.0
      ],
      [
       65.0,
       15.0
      ],
      [
       59.0,
       15.0
      ],
      [
       59.0,
       9.0
      ]
     ]
    ]
   }
  },
  {
   "type": "Feature",
   "id": "plant_room",
   "properties": {
    "kind": "room",
    "material": "wall",
    "z0_m": 0.0,
    "z1_m": 3.0,
    "zone": "back_of_house",
    "provenance": "assumed: BOH rooms"
   },
   "geometry": {
    "type": "Polygon",
    "coordinates": [
     [
      [
       67.0,
       20.0
      ],
      [
       73.0,
       20.0
      ],
      [
       73.0,
       28.0
      ],
      [
       67.0,
       28.0
      ],
      [
       67.0,
       20.0
      ]
     ]
    ]
   }
  },
  {
   "type": "Feature",
   "id": "staff_room",
   "properties": {
    "kind": "room",
    "material": "wall",
    "z0_m": 0.0,
    "z1_m": 3.0,
    "zone": "back_of_house",
    "provenance": "assumed: BOH rooms"
   },
   "geometry": {
    "type": "Polygon",
    "coordinates": [
     [
      [
       67.0,
       11.0
      ],
      [
       73.0,
       11.0
      ],
      [
       73.0,
       17.0
      ],
      [
       67.0,
       17.0
      ],
      [
       67.0,
       11.0
      ]
     ]
    ]
   }
  },
  {
   "type": "Feature",
   "id": "dock_0",
   "properties": {
    "kind": "dock",
    "material": "gate",
    "z0_m": 0.0,
    "z1_m": 3.0,
    "zone": "warehouse",
    "provenance": "assumed: east loading docks"
   },
   "geometry": {
    "type": "Polygon",
    "coordinates": [
     [
      [
       98.1,
       30.5
      ],
      [
       99.9,
       30.5
      ],
      [
       99.9,
       33.5
      ],
      [
       98.1,
       33.5
      ],
      [
       98.1,
       30.5
      ]
     ]
    ]
   }
  },
  {
   "type": "Feature",
   "id": "dock_1",
   "properties": {
    "kind": "dock",
    "material": "gate",
    "z0_m": 0.0,
    "z1_m": 3.0,
    "zone": "warehouse",
    "provenance": "assumed: east loading docks"
   },
   "geometry": {
    "type": "Polygon",
    "coordinates": [
     [
      [
       98.1,
       36.5
      ],
      [
       99.9,
       36.5
      ],
      [
       99.9,
       39.5
      ],
      [
       98.1,
       39.5
      ],
      [
       98.1,
       36.5
      ]
     ]
    ]
   }
  },
  {
   "type": "Feature",
   "id": "dock_2",
   "properties": {
    "kind": "dock",
    "material": "gate",
    "z0_m": 0.0,
    "z1_m": 3.0,
    "zone": "warehouse",
    "provenance": "assumed: east loading docks"
   },
   "geometry": {
    "type": "Polygon",
    "coordinates": [
     [
      [
       98.1,
       42.5
      ],
      [
       99.9,
       42.5
      ],
      [
       99.9,
       45.5
      ],
      [
       98.1,
       45.5
      ],
      [
       98.1,
       42.5
      ]
     ]
    ]
   }
  },
  {
   "type": "Feature",
   "id": "dock_3",
   "properties": {
    "kind": "dock",
    "material": "gate",
    "z0_m": 0.0,
    "z1_m": 3.0,
    "zone": "warehouse",
    "provenance": "assumed: east loading docks"
   },
   "geometry": {
    "type": "Polygon",
    "coordinates": [
     [
      [
       98.1,
       48.5
      ],
      [
       99.9,
       48.5
      ],
      [
       99.9,
       51.5
      ],
      [
       98.1,
       51.5
      ],
      [
       98.1,
       48.5
      ]
     ]
    ]
   }
  }
 ]
}